Mix Name,Material Source,Cement (kg/m3),Fly Ash (kg/m3),Slag (kg/m3),Water (kg/m3),HRWR (kg/m3),Fine Aggregate (kg/m3),Coarse Aggregates (kg/m3),Temp (C),Time,GWP,Strength1 (psi),Strength2 (psi),Strength3 (psi),Strength (Mean),Strength (Std),# of measurements,Slump (in)
M1,0,353.33,46.67,266.67,140.0,6.67,1833.0,0,22.0,1,321.57,5098.0,4960.0,4943.0,5000,85,3,
M1,0,353.33,46.67,266.67,140.0,6.67,1833.0,0,22.0,3,321.57,7018.0,7293.0,7395.0,7235,195,3,
M1,0,353.33,46.67,266.67,140.0,6.67,1833.0,0,22.0,5,321.57,7498.0,7438.0,7018.0,7318,262,3,
M1,0,353.33,46.67,266.67,140.0,6.67,1833.0,0,22.0,28,321.57,9153.0,10348.0,11370.0,10290,1110,3,
M2,0,214.67,220.0,232.0,159.0,4.0,1833.0,0,22.0,1,209.2,3295.0,3475.0,3550.0,3440,131,3,
M2,0,214.67,220.0,232.0,159.0,4.0,1833.0,0,22.0,3,209.2,5550.0,4810.0,4300.0,4887,629,3,
M2,0,214.67,220.0,232.0,159.0,4.0,1833.0,0,22.0,5,209.2,4885.0,5430.0,4375.0,4897,528,3,
M2,0,214.67,220.0,232.0,159.0,4.0,1833.0,0,22.0,28,209.2,5708.0,7193.0,5765.0,6222,841,3,
M3,0,344.0,178.67,144.0,299.0,0.0,1833.0,0,22.0,1,284.69,1380.0,1478.0,1660.0,1506,142,3,
M3,0,344.0,178.67,144.0,299.0,0.0,1833.0,0,22.0,3,284.69,2993.0,2883.0,2878.0,2918,65,3,
M3,0,344.0,178.67,144.0,299.0,0.0,1833.0,0,22.0,5,284.69,3355.0,3698.0,3858.0,3637,257,3,
M3,0,344.0,178.67,144.0,299.0,0.0,1833.0,0,22.0,28,284.69,6713.0,6593.0,5523.0,6276,655,3,
M4,0,212.0,214.67,240.0,175.0,0.0,1833.0,0,22.0,1,194.01,2883.0,3278.0,3183.0,3115,206,3,
M4,0,212.0,214.67,240.0,175.0,0.0,1833.0,0,22.0,3,194.01,4098.0,4013.0,4730.0,4280,392,3,
M4,0,212.0,214.67,240.0,175.0,0.0,1833.0,0,22.0,5,194.01,4275.0,4013.0,4635.0,4308,312,3,
M4,0,212.0,214.67,240.0,175.0,0.0,1833.0,0,22.0,28,194.01,3950.0,4480.0,4870.0,4433,462,3,
M5,0,317.33,221.33,128.0,233.0,0.0,1833.0,0,22.0,1,263.93,3235.0,2885.0,2595.0,2905,320,3,
M5,0,317.33,221.33,128.0,233.0,0.0,1833.0,0,22.0,3,263.93,4238.0,4720.0,3983.0,4314,374,3,
M5,0,317.33,221.33,128.0,233.0,0.0,1833.0,0,22.0,5,263.93,4448.0,4485.0,4353.0,4429,68,3,
M5,0,317.33,221.33,128.0,233.0,0.0,1833.0,0,22.0,28,263.93,7897.0,8520.0,7273.0,7897,624,3,
M6,0,454.67,158.67,53.33,155.0,4.0,1833.0,0,22.0,1,375.06,6978.0,6285.0,5575.0,6279,702,3,
M6,0,454.67,158.67,53.33,155.0,4.0,1833.0,0,22.0,3,375.06,7558.0,7605.0,6743.0,7302,485,3,
M6,0,454.67,158.67,53.33,155.0,4.0,1833.0,0,22.0,5,375.06,6613.0,7195.0,8298.0,7369,856,3,
M6,0,454.67,158.67,53.33,155.0,4.0,1833.0,0,22.0,28,375.06,8515.0,8603.0,9970.0,9029,816,3,
M7,0,436.0,33.33,197.33,256.0,0.0,1833.0,0,22.0,1,355.1,3225.0,3570.0,3438.0,3411,174,3,
M7,0,436.0,33.33,197.33,256.0,0.0,1833.0,0,22.0,3,355.1,5143.0,5250.0,4630.0,5008,331,3,
M7,0,436.0,33.33,197.33,256.0,0.0,1833.0,0,22.0,5,355.1,5525.0,5185.0,5213.0,5308,189,3,
M7,0,436.0,33.33,197.33,256.0,0.0,1833.0,0,22.0,28,355.1,6178.0,6813.0,6950.0,6647,412,3,
M8,0,318.67,52.0,296.0,317.0,0.0,1833.0,0,22.0,1,274.84,1608.0,1725.0,1645.0,1659,60,3,
M8,0,318.67,52.0,296.0,317.0,0.0,1833.0,0,22.0,3,274.84,2985.0,2683.0,3013.0,2894,183,3,
M8,0,318.67,52.0,296.0,317.0,0.0,1833.0,0,22.0,5,274.84,3555.0,3638.0,3978.0,3724,224,3,
M8,0,318.67,52.0,296.0,317.0,0.0,1833.0,0,22.0,28,274.84,6170.0,5340.0,5848.0,5786,418,3,
M9,0,265.33,164.0,237.33,185.0,1.33,1833.0,0,22.0,1,237.52,3708.0,3393.0,3495.0,3532,161,3,
M9,0,265.33,164.0,237.33,185.0,1.33,1833.0,0,22.0,3,237.52,5048.0,5460.0,5060.0,5189,234,3,
M9,0,265.33,164.0,237.33,185.0,1.33,1833.0,0,22.0,5,237.52,5503.0,5463.0,5738.0,5568,149,3,
M9,0,265.33,164.0,237.33,185.0,1.33,1833.0,0,22.0,28,237.52,8333.0,8598.0,9125.0,8685,403,3,
M10,0,529.6,0.0,137.07,276.0,0.0,1833.0,0,22.0,1,420.58,2995.0,3173.0,3653.0,3274,340,3,
M10,0,529.6,0.0,137.07,276.0,0.0,1833.0,0,22.0,3,420.58,4273.0,4355.0,4673.0,4434,211,3,
M10,0,529.6,0.0,137.07,276.0,0.0,1833.0,0,22.0,5,420.58,4870.0,3900.0,5355.0,4708,741,3,
M10,0,529.6,0.0,137.07,276.0,0.0,1833.0,0,22.0,28,420.58,6993.0,6993.0,6038.0,6675,551,3,
M11,0,503.07,163.6,0.0,237.0,0.0,1833.0,0,22.0,1,393.12,4123.0,4270.0,3925.0,4106,173,3,
M11,0,503.07,163.6,0.0,237.0,0.0,1833.0,0,22.0,3,393.12,5088.0,5183.0,4975.0,5082,104,3,
M11,0,503.07,163.6,0.0,237.0,0.0,1833.0,0,22.0,5,393.12,4720.0,5950.0,6328.0,5666,841,3,
M11,0,503.07,163.6,0.0,237.0,0.0,1833.0,0,22.0,28,393.12,6465.0,8438.0,7140.0,7348,1003,3,
M12,0,495.2,0.0,171.47,297.0,0.0,1833.0,0,22.0,1,396.8,3025.0,3180.0,2975.0,3060,107,3,
M12,0,495.2,0.0,171.47,297.0,0.0,1833.0,0,22.0,3,396.8,4025.0,4193.0,4193.0,4137,97,3,
M12,0,495.2,0.0,171.47,297.0,0.0,1833.0,0,22.0,5,396.8,4920.0,4313.0,4785.0,4673,319,3,
M12,0,495.2,0.0,171.47,297.0,0.0,1833.0,0,22.0,28,396.8,5660.0,6533.0,7080.0,6424,716,3,
M13,0,553.87,112.8,0.0,235.0,0.0,1833.0,0,22.0,1,430.5,4555.0,4025.0,4625.0,4402,328,3,
M13,0,553.87,112.8,0.0,235.0,0.0,1833.0,0,22.0,3,430.5,5690.0,5878.0,5450.0,5673,215,3,
M13,0,553.87,112.8,0.0,235.0,0.0,1833.0,0,22.0,5,430.5,6013.0,6508.0,5783.0,6101,370,3,
M13,0,553.87,112.8,0.0,235.0,0.0,1833.0,0,22.0,28,430.5,8243.0,6973.0,7763.0,7660,641,3,
M14,0,333.6,0.0,333.07,265.0,0.0,1833.0,0,22.0,1,287.9,2320.0,2510.0,2065.0,2298,223,3,
M14,0,333.6,0.0,333.07,265.0,0.0,1833.0,0,22.0,3,287.9,4090.0,4060.0,4320.0,4157,142,3,
M14,0,333.6,0.0,333.07,265.0,0.0,1833.0,0,22.0,5,287.9,5055.0,5255.0,5070.0,5127,111,3,
M14,0,333.6,0.0,333.07,265.0,0.0,1833.0,0,22.0,28,287.9,7520.0,7213.0,7570.0,7434,193,3,
M15,0,466.67,0.0,200.0,133.0,8.67,1833.0,0,22.0,1,408.54,9095.0,8013.0,5605.0,7571,1786,3,
M15,0,466.67,0.0,200.0,133.0,8.67,1833.0,0,22.0,3,408.54,10043.0,8055.0,9930.0,9343,1117,3,
M15,0,466.67,0.0,200.0,133.0,8.67,1833.0,0,22.0,5,408.54,8743.0,9775.0,9775.0,9431,596,3,
M15,0,466.67,0.0,200.0,133.0,8.67,1833.0,0,22.0,28,408.54,8690.0,11638.0,12075.0,10801,1841,3,
M16,0,411.6,29.07,226.0,133.0,8.67,1833.0,0,22.0,1,369.69,6590.0,5788.0,5768.0,6049,469,3,
M16,0,411.6,29.07,226.0,133.0,8.67,1833.0,0,22.0,3,369.69,6700.0,8980.0,7375.0,7685,1171,3,
M16,0,411.6,29.07,226.0,133.0,8.67,1833.0,0,22.0,5,369.69,6843.0,8950.0,7298.0,7697,1109,3,
M16,0,411.6,29.07,226.0,133.0,8.67,1833.0,0,22.0,28,369.69,8693.0,11615.0,10238.0,10182,1462,3,
M17,0,362.93,42.93,260.8,133.0,8.67,1833.0,0,22.0,1,335.74,6295.0,6695.0,6115.0,6368,297,3,
M17,0,362.93,42.93,260.8,133.0,8.67,1833.0,0,22.0,3,335.74,8170.0,9558.0,8810.0,8846,695,3,
M17,0,362.93,42.93,260.8,133.0,8.67,1833.0,0,22.0,5,335.74,9498.0,10913.0,10595.0,10335,742,3,
M17,0,362.93,42.93,260.8,133.0,8.67,1833.0,0,22.0,28,335.74,10175.0,10438.0,10438.0,10350,152,3,
M18,0,277.47,118.0,271.2,133.0,8.67,1833.0,0,22.0,1,273.23,5670.0,4885.0,4423.0,4993,630,3,
M18,0,277.47,118.0,271.2,133.0,8.67,1833.0,0,22.0,3,273.23,7880.0,7405.0,7278.0,7521,317,3,
M18,0,277.47,118.0,271.2,133.0,8.67,1833.0,0,22.0,5,273.23,8435.0,9195.0,6833.0,8154,1206,3,
M18,0,277.47,118.0,271.2,133.0,8.67,1833.0,0,22.0,28,273.23,11263.0,10743.0,11590.0,11199,427,3,
M19,0,200.67,172.53,293.47,167.0,3.33,1833.0,0,22.0,1,200.1,3035.0,3063.0,3218.0,3105,99,3,
M19,0,200.67,172.53,293.47,167.0,3.33,1833.0,0,22.0,3,200.1,4220.0,4525.0,4653.0,4466,222,3,
M19,0,200.67,172.53,293.47,167.0,3.33,1833.0,0,22.0,5,200.1,5440.0,5430.0,5448.0,5439,9,3,
M19,0,200.67,172.53,293.47,167.0,3.33,1833.0,0,22.0,28,200.1,8695.0,7585.0,9483.0,8588,954,3,
M20,0,322.13,82.8,261.73,149.0,6.67,1833.0,0,22.0,1,298.65,5930.0,5988.0,5410.0,5776,318,3,
M20,0,322.13,82.8,261.73,149.0,6.67,1833.0,0,22.0,3,298.65,7660.0,7448.0,8348.0,7819,471,3,
M20,0,322.13,82.8,261.73,149.0,6.67,1833.0,0,22.0,5,298.65,9698.0,9365.0,8573.0,9212,578,3,
M20,0,322.13,82.8,261.73,149.0,6.67,1833.0,0,22.0,28,298.65,12980.0,11938.0,10783.0,11900,1099,3,
M21,0,293.33,73.33,300.0,133.0,8.67,1833.0,0,22.0,1,286.59,5008.0,4363.0,4178.0,4516,436,3,
M21,0,293.33,73.33,300.0,133.0,8.67,1833.0,0,22.0,3,286.59,8050.0,8063.0,7695.0,7936,209,3,
M21,0,293.33,73.33,300.0,133.0,8.67,1833.0,0,22.0,5,286.59,7720.0,8790.0,8323.0,8278,536,3,
M21,0,293.33,73.33,300.0,133.0,8.67,1833.0,0,22.0,28,286.59,11250.0,9043.0,9835.0,10043,1118,3,
M22,0,229.33,137.33,300.0,133.0,8.67,1833.0,0,22.0,1,239.68,4093.0,3250.0,3960.0,3768,453,3,
M22,0,229.33,137.33,300.0,133.0,8.67,1833.0,0,22.0,3,239.68,5493.0,6770.0,6333.0,6199,649,3,
M22,0,229.33,137.33,300.0,133.0,8.67,1833.0,0,22.0,5,239.68,9653.0,6330.0,8675.0,8219,1708,3,
M22,0,229.33,137.33,300.0,133.0,8.67,1833.0,0,22.0,28,239.68,9815.0,9045.0,8818.0,9226,523,3,
M23,0,395.33,45.2,226.13,133.0,8.67,1833.0,0,22.0,1,357.2,5943.0,6130.0,4888.0,5654,670,3,
M23,0,395.33,45.2,226.13,133.0,8.67,1833.0,0,22.0,3,357.2,8210.0,7508.0,7693.0,7804,364,3,
M23,0,395.33,45.2,226.13,133.0,8.67,1833.0,0,22.0,5,357.2,8550.0,9833.0,8443.0,8942,773,3,
M23,0,395.33,45.2,226.13,133.0,8.67,1833.0,0,22.0,28,357.2,8785.0,10105.0,10198.0,9696,790,3,
M24,0,305.07,125.87,235.73,133.0,8.67,1833.0,0,22.0,1,291.83,4785.0,5168.0,4665.0,4873,263,3,
M24,0,305.07,125.87,235.73,133.0,8.67,1833.0,0,22.0,3,291.83,7378.0,7978.0,7203.0,7520,406,3,
M24,0,305.07,125.87,235.73,133.0,8.67,1833.0,0,22.0,5,291.83,6928.0,8468.0,8468.0,7955,889,3,
M24,0,305.07,125.87,235.73,133.0,8.67,1833.0,0,22.0,28,291.83,9650.0,10795.0,10470.0,10305,590,3,
M25,0,408.13,108.53,150.0,139.0,8.67,1833.0,0,22.0,1,362.5,5460.0,4763.0,5503.0,5242,415,3,
M25,0,408.13,108.53,150.0,139.0,8.67,1833.0,0,22.0,3,362.5,6930.0,6910.0,6733.0,6858,108,3,
M25,0,408.13,108.53,150.0,139.0,8.67,1833.0,0,22.0,5,362.5,9830.0,8465.0,7450.0,8582,1194,3,
M25,0,408.13,108.53,150.0,139.0,8.67,1833.0,0,22.0,28,362.5,11170.0,8720.0,7783.0,9224,1749,3,
M26,0,340.8,101.07,224.8,133.0,8.67,1833.0,0,22.0,1,317.6,4793.0,5140.0,4883.0,4939,180,3,
M26,0,340.8,101.07,224.8,133.0,8.67,1833.0,0,22.0,3,317.6,6238.0,7700.0,7810.0,7249,878,3,
M26,0,340.8,101.07,224.8,133.0,8.67,1833.0,0,22.0,5,317.6,6990.0,8023.0,8020.0,7678,596,3,
M26,0,340.8,101.07,224.8,133.0,8.67,1833.0,0,22.0,28,317.6,9630.0,9683.0,12393.0,10569,1580,3,
M27,0,272.67,80.93,179.87,133.0,8.67,1833.0,0,22.0,1,261.38,3093.0,2825.0,3090.0,3003,154,3,
M27,0,272.67,80.93,179.87,133.0,8.67,1833.0,0,22.0,3,261.38,5743.0,4319.0,4781.0,4948,726,3,
M27,0,272.67,80.93,179.87,133.0,8.67,1833.0,0,22.0,5,261.38,5145.0,6108.0,6216.0,5823,590,3,
M27,0,272.67,80.93,179.87,133.0,8.67,1833.0,0,22.0,28,261.38,8388.0,7530.0,7933.0,7950,429,3,
M28,0,229.33,137.33,300.0,200.0,0.0,1833.0,0,22.0,1,209.07,1983.0,2235.0,2305.0,2174,169,3,
M28,0,229.33,137.33,300.0,200.0,0.0,1833.0,0,22.0,3,209.07,3993.0,4490.0,3730.0,4071,386,3,
M28,0,229.33,137.33,300.0,200.0,0.0,1833.0,0,22.0,28,209.07,9265.0,7578.0,8955.0,8599,898,3,
M29,0,229.33,300.0,137.33,200.0,0.0,1833.0,0,22.0,1,199.94,2075.0,2113.0,1948.0,2045,86,3,
M29,0,229.33,300.0,137.33,200.0,0.0,1833.0,0,22.0,5,199.94,5035.0,5485.0,4388.0,4969,551,3,
M29,0,229.33,300.0,137.33,200.0,0.0,1833.0,0,22.0,28,199.94,6188.0,5670.0,6578.0,6145,456,3,
M30,0,160.53,138.0,234.8,167.0,3.33,1967.0,0,22.0,1,162.86,1368.0,1550.0,1445.0,1454,91,3,
M30,0,160.53,138.0,234.8,167.0,3.33,1967.0,0,22.0,3,162.86,2835.0,2923.0,925.0,2228,1129,3,
M30,0,160.53,138.0,234.8,167.0,3.33,1967.0,0,22.0,5,162.86,3315.0,3423.0,3583.0,3440,135,3,
M30,0,160.53,138.0,234.8,167.0,3.33,1967.0,0,22.0,28,162.86,7545.0,6293.0,5725.0,6521,931,3,
M31,0,240.8,207.07,352.13,167.0,3.33,1700.0,0,22.0,1,236.28,3133.0,3600.0,3538.0,3424,254,3,
M31,0,240.8,207.07,352.13,167.0,3.33,1700.0,0,22.0,3,236.28,6715.0,6720.0,6733.0,6723,9,3,
M31,0,240.8,207.07,352.13,167.0,3.33,1700.0,0,22.0,5,236.28,9275.0,7670.0,7355.0,8100,1030,3,
M31,0,240.8,207.07,352.13,167.0,3.33,1700.0,0,22.0,28,236.28,12430.0,11240.0,10400.0,11357,1020,3,
M32,0,412.0,29.33,226.67,133.0,8.67,1833.0,0,4.5,1,369.69,2015.0,2088.0,2130.0,2078,58,3,
M32,0,412.0,29.33,226.67,133.0,8.67,1833.0,0,4.5,3,369.69,6363.0,6258.0,5319.0,5980,575,3,
M32,0,412.0,29.33,226.67,133.0,8.67,1833.0,0,4.5,5,369.69,4963.0,7023.0,6433.0,6140,1061,3,
M32,0,412.0,29.33,226.67,133.0,8.67,1833.0,0,4.5,28,369.69,10798.0,10044.0,9290.0,10044,754,3,
M33,0,362.67,42.67,261.33,133.0,8.67,1833.0,0,4.5,1,335.74,1225.0,1195.0,1170.0,1197,28,3,
M33,0,362.67,42.67,261.33,133.0,8.67,1833.0,0,4.5,3,335.74,4643.0,4423.0,4353.0,4473,151,3,
M33,0,362.67,42.67,261.33,133.0,8.67,1833.0,0,4.5,5,335.74,7015.0,6338.0,5510.0,6288,754,3,
M33,0,362.67,42.67,261.33,133.0,8.67,1833.0,0,4.5,28,335.74,8688.0,8130.0,9930.0,8916,921,3,
M34,0,277.33,118.67,270.67,133.0,8.67,1833.0,0,4.5,1,273.23,495.0,470.0,493.0,486,14,3,
M34,0,277.33,118.67,270.67,133.0,8.67,1833.0,0,4.5,3,273.23,2883.0,3130.0,3208.0,3074,170,3,
M34,0,277.33,118.67,270.67,133.0,8.67,1833.0,0,4.5,5,273.23,4625.0,4565.0,3775.0,4322,474,3,
M34,0,277.33,118.67,270.67,133.0,8.67,1833.0,0,4.5,28,273.23,8010.0,9015.0,8170.0,8398,540,3,
M35,0,201.33,172.0,293.33,167.0,3.33,1833.0,0,4.5,1,200.1,250.0,198.0,225.0,224,26,3,
M35,0,201.33,172.0,293.33,167.0,3.33,1833.0,0,4.5,3,200.1,2083.0,2048.0,2065.0,2065,18,3,
M35,0,201.33,172.0,293.33,167.0,3.33,1833.0,0,4.5,5,200.1,2953.0,3145.0,3190.0,3096,126,3,
M35,0,201.33,172.0,293.33,167.0,3.33,1833.0,0,4.5,28,200.1,5118.0,6403.0,5693.0,5738,644,3,
M36,0,229.33,137.33,300.0,133.0,8.67,1833.0,0,4.5,1,239.68,101.0,110.0,100.0,104,6,3,
M36,0,229.33,137.33,300.0,133.0,8.67,1833.0,0,4.5,3,239.68,3453.0,3725.0,4203.0,3794,380,3,
M36,0,229.33,137.33,300.0,133.0,8.67,1833.0,0,4.5,5,239.68,4550.0,4129.0,5808.0,4829,874,3,
M36,0,229.33,137.33,300.0,133.0,8.67,1833.0,0,4.5,28,239.68,9745.0,9230.0,8223.0,9066,774,3,
M37,0,396.0,45.33,226.67,133.0,8.67,1833.0,0,4.5,1,357.2,1235.0,1250.0,1090.0,1192,88,3,
M37,0,396.0,45.33,226.67,133.0,8.67,1833.0,0,4.5,3,357.2,5355.0,4955.0,5595.0,5302,323,3,
M37,0,396.0,45.33,226.67,133.0,8.67,1833.0,0,4.5,5,357.2,7403.0,6373.0,6995.0,6924,519,3,
M37,0,396.0,45.33,226.67,133.0,8.67,1833.0,0,4.5,28,357.2,7668.0,7848.0,9705.0,8407,1128,3,
M38,0,341.33,101.33,225.33,133.0,8.67,1833.0,0,4.5,1,317.6,845.0,813.0,908.0,855,48,3,
M38,0,341.33,101.33,225.33,133.0,8.67,1833.0,0,4.5,3,317.6,4745.0,3973.0,4963.0,4560,520,3,
M38,0,341.33,101.33,225.33,133.0,8.67,1833.0,0,4.5,5,317.6,6185.0,5575.0,5648.0,5803,333,3,
M38,0,341.33,101.33,225.33,133.0,8.67,1833.0,0,4.5,28,317.6,8738.0,9713.0,8265.0,8905,738,3,
M39,0,400.0,0.0,0.0,80.0,10.67,2100.0,0,22.0,1,348.19,2728.0,2325.0,2460.0,2504,205,3,
M39,0,400.0,0.0,0.0,80.0,10.67,2100.0,0,22.0,3,348.19,3270.0,3570.0,2970.0,3270,300,3,
M39,0,400.0,0.0,0.0,80.0,10.67,2100.0,0,22.0,5,348.19,3808.0,2998.0,4178.0,3661,604,3,
M39,0,400.0,0.0,0.0,80.0,10.67,2100.0,0,22.0,28,348.19,4185.0,2938.0,4215.0,3779,729,3,
M40,0,229.33,0.0,0.0,45.0,13.33,2271.0,0,22.0,1,228.71,160.0,144.0,144.0,149,9,3,
M40,0,229.33,0.0,0.0,45.0,13.33,2271.0,0,22.0,3,228.71,1250.0,1238.0,1353.0,1280,63,3,
M40,0,229.33,0.0,0.0,45.0,13.33,2271.0,0,22.0,5,228.71,1538.0,1220.0,1220.0,1326,184,3,
M40,0,229.33,0.0,0.0,45.0,13.33,2271.0,0,22.0,28,228.71,1510.0,1468.0,1288.0,1422,118,3,
M41,0,122.67,32.0,54.67,43.0,10.67,2289.0,0,22.0,1,143.17,173.0,165.0,175.0,171,5,3,
M41,0,122.67,32.0,54.67,43.0,10.67,2289.0,0,22.0,3,143.17,620.0,833.0,833.0,762,123,3,
M41,0,122.67,32.0,54.67,43.0,10.67,2289.0,0,22.0,5,143.17,778.0,760.0,760.0,766,10,3,
M41,0,122.67,32.0,54.67,43.0,10.67,2289.0,0,22.0,28,143.17,1225.0,1145.0,1258.0,1209,58,3,
M42,0,97.33,2.67,70.67,83.0,10.67,2329.0,0,22.0,1,123.97,90.0,100.0,68.0,86,16,3,
M42,0,97.33,2.67,70.67,83.0,10.67,2329.0,0,22.0,3,123.97,395.0,440.0,463.0,433,35,3,
M42,0,97.33,2.67,70.67,83.0,10.67,2329.0,0,22.0,5,123.97,505.0,613.0,493.0,537,66,3,
M42,0,97.33,2.67,70.67,83.0,10.67,2329.0,0,22.0,28,123.97,985.0,1135.0,945.0,1022,100,3,
M43,0,314.67,112.0,49.33,116.0,10.67,2025.0,0,22.0,1,289.91,2753.0,2460.0,2740.0,2651,166,3,
M43,0,314.67,112.0,49.33,116.0,10.67,2025.0,0,22.0,3,289.91,4653.0,4060.0,3973.0,4229,370,3,
M43,0,314.67,112.0,49.33,116.0,10.67,2025.0,0,22.0,5,289.91,5315.0,5428.0,4700.0,5148,392,3,
M43,0,314.67,112.0,49.33,116.0,10.67,2025.0,0,22.0,28,289.91,6125.0,7670.0,6803.0,6866,774,3,
M44,0,366.67,25.33,25.33,84.0,10.67,2083.0,0,22.0,1,325.21,2908.0,2970.0,2983.0,2954,40,3,
M44,0,366.67,25.33,25.33,84.0,10.67,2083.0,0,22.0,3,325.21,3498.0,4558.0,4083.0,4046,531,3,
M44,0,366.67,25.33,25.33,84.0,10.67,2083.0,0,22.0,5,325.21,5205.0,5005.0,4363.0,4858,440,3,
M44,0,366.67,25.33,25.33,84.0,10.67,2083.0,0,22.0,28,325.21,6473.0,6028.0,5763.0,6088,359,3,
M45,0,66.67,68.0,9.33,45.0,13.33,2357.0,0,22.0,3,106.66,75.0,108.0,113.0,99,21,3,
M45,0,66.67,68.0,9.33,45.0,13.33,2357.0,0,22.0,5,106.66,293.0,240.0,273.0,269,27,3,
M45,0,66.67,68.0,9.33,45.0,13.33,2357.0,0,22.0,28,106.66,450.0,628.0,510.0,529,91,3,
M46,0,498.67,0.0,0.0,100.0,10.67,2001.0,0,22.0,1,422.64,5520.0,5553.0,4488.0,5187,606,3,
M46,0,498.67,0.0,0.0,100.0,10.67,2001.0,0,22.0,3,422.64,6933.0,6390.0,6908.0,6744,307,3,
M46,0,498.67,0.0,0.0,100.0,10.67,2001.0,0,22.0,5,422.64,8413.0,7798.0,6058.0,7423,1221,3,
M46,0,498.67,0.0,0.0,100.0,10.67,2001.0,0,22.0,28,422.64,8015.0,9528.0,7823.0,8455,934,3,
M47,0,160.0,13.33,16.0,64.0,10.67,2311.0,0,22.0,1,167.49,75.0,68.0,95.0,79,14,3,
M47,0,160.0,13.33,16.0,64.0,10.67,2311.0,0,22.0,3,167.49,568.0,555.0,693.0,605,76,3,
M47,0,160.0,13.33,16.0,64.0,10.67,2311.0,0,22.0,5,167.49,673.0,610.0,625.0,636,33,3,
M47,0,160.0,13.33,16.0,64.0,10.67,2311.0,0,22.0,28,167.49,758.0,1005.0,773.0,845,138,3,
M48,0,334.67,104.0,50.67,99.0,10.67,2011.0,0,22.0,1,305.08,4225.0,4368.0,2865.0,3819,830,3,
M48,0,334.67,104.0,50.67,99.0,10.67,2011.0,0,22.0,3,305.08,6638.0,5088.0,4730.0,5485,1014,3,
M48,0,334.67,104.0,50.67,99.0,10.67,2011.0,0,22.0,5,305.08,6488.0,6115.0,7070.0,6558,481,3,
M48,0,334.67,104.0,50.67,99.0,10.67,2011.0,0,22.0,28,305.08,8438.0,9290.0,7610.0,8446,840,3,
M49,0,886.67,9.33,56.0,249.0,2.67,1549.0,0,22.0,1,694.58,8288.0,7233.0,8070.0,7864,557,3,
M49,0,886.67,9.33,56.0,249.0,2.67,1549.0,0,22.0,3,694.58,7340.0,8288.0,8288.0,7972,547,3,
M49,0,886.67,9.33,56.0,249.0,2.67,1549.0,0,22.0,5,694.58,9338.0,7460.0,7278.0,8025,1140,3,
M49,0,886.67,9.33,56.0,249.0,2.67,1549.0,0,22.0,28,694.58,8068.0,7890.0,8748.0,8235,453,3,
M50,0,894.67,25.33,58.67,240.0,2.67,1521.0,0,22.0,1,701.42,7738.0,7580.0,7595.0,7638,87,3,
M50,0,894.67,25.33,58.67,240.0,2.67,1521.0,0,22.0,3,701.42,8345.0,8603.0,8358.0,8435,145,3,
M50,0,894.67,25.33,58.67,240.0,2.67,1521.0,0,22.0,5,701.42,8443.0,8443.0,8443.0,8443,0,3,
M50,0,894.67,25.33,58.67,240.0,2.67,1521.0,0,22.0,28,701.42,11155.0,10503.0,9685.0,10448,737,3,
M51,0,240.78,207.09,352.13,287.0,0.0,1700.0,0,22.0,1,224.36,1343.0,1280.0,1333.0,1319,34,3,
M51,0,240.78,207.09,352.13,287.0,0.0,1700.0,0,22.0,3,224.36,2323.0,2433.0,2310.0,2355,68,3,
M51,0,240.78,207.09,352.13,287.0,0.0,1700.0,0,22.0,5,224.36,3150.0,3198.0,3420.0,3256,144,3,
M51,0,240.78,207.09,352.13,287.0,0.0,1700.0,0,22.0,28,224.36,6860.0,6543.0,7678.0,7027,586,3,
M52,0,229.38,137.29,300.0,233.0,0.0,1833.0,0,22.0,1,209.07,1540.0,1520.0,1495.0,1518,23,3,
M52,0,229.38,137.29,300.0,233.0,0.0,1833.0,0,22.0,3,209.07,2683.0,3005.0,2895.0,2861,164,3,
M52,0,229.38,137.29,300.0,233.0,0.0,1833.0,0,22.0,5,209.07,3895.0,4460.0,3880.0,4078,331,3,
M52,0,229.38,137.29,300.0,233.0,0.0,1833.0,0,22.0,28,209.07,7233.0,8388.0,7365.0,7662,632,3,
M53,0,316.0,112.14,49.0,167.0,0.0,2025.0,0,22.0,1,253.73,2398.0,2645.0,2130.0,2391,258,3,
M53,0,316.0,112.14,49.0,167.0,0.0,2025.0,0,22.0,3,253.73,3378.0,3318.0,3653.0,3450,179,3,
M53,0,316.0,112.14,49.0,167.0,0.0,2025.0,0,22.0,5,253.73,4233.0,3933.0,4198.0,4121,164,3,
M53,0,316.0,112.14,49.0,167.0,0.0,2025.0,0,22.0,28,253.73,6453.0,6058.0,5523.0,6011,467,3,
M54,0,49.33,112.0,316.0,167.0,0.0,2025.0,0,22.0,1,72.99,175.0,188.0,178.0,180,7,3,
M54,0,49.33,112.0,316.0,167.0,0.0,2025.0,0,22.0,3,72.99,420.0,455.0,433.0,436,18,3,
M54,0,49.33,112.0,316.0,167.0,0.0,2025.0,0,22.0,5,72.99,805.0,793.0,803.0,800,6,3,
M54,0,49.33,112.0,316.0,167.0,0.0,2025.0,0,22.0,28,72.99,3800.0,3695.0,3508.0,3668,148,3,
M55,0,253.33,160.0,306.67,252.0,0.0,1947.0,0,22.0,1,228.88,1318.0,1343.0,1403.0,1355,44,3,
M55,0,253.33,160.0,306.67,252.0,0.0,1947.0,0,22.0,3,228.88,2670.0,2685.0,2968.0,2774,168,3,
M55,0,253.33,160.0,306.67,252.0,0.0,1947.0,0,22.0,5,228.88,3760.0,3993.0,3950.0,3901,124,3,
M55,0,253.33,160.0,306.67,252.0,0.0,1947.0,0,22.0,28,228.88,7165.0,6585.0,6033.0,6594,566,3,
M56,0,229.33,164.0,273.33,233.0,0.0,2000.0,0,22.0,1,207.94,1158.0,1198.0,1185.0,1180,20,3,
M56,0,229.33,164.0,273.33,233.0,0.0,2000.0,0,22.0,3,207.94,2668.0,2368.0,2723.0,2586,191,3,
M56,0,229.33,164.0,273.33,233.0,0.0,2000.0,0,22.0,5,207.94,3445.0,3720.0,3525.0,3563,141,3,
M56,0,229.33,164.0,273.33,233.0,0.0,2000.0,0,22.0,28,207.94,6863.0,6278.0,7255.0,6799,492,3,
M57,0,229.33,0.0,300.0,200.0,1.33,1967.0,0,22.0,1,210.23,1455.0,1443.0,1460.0,1453,9,3,
M57,0,229.33,0.0,300.0,200.0,1.33,1967.0,0,22.0,3,210.23,2975.0,3035.0,2845.0,2952,97,3,
M57,0,229.33,0.0,300.0,200.0,1.33,1967.0,0,22.0,5,210.23,3945.0,3973.0,3860.0,3926,59,3,
M57,0,229.33,0.0,300.0,200.0,1.33,1967.0,0,22.0,28,210.23,7388.0,6500.0,6820.0,6903,450,3,
M58,0,240.0,0.0,433.33,240.0,0.0,1833.0,0,22.0,1,224.78,1300.0,1333.0,1340.0,1324,21,3,
M58,0,240.0,0.0,433.33,240.0,0.0,1833.0,0,22.0,3,224.78,3310.0,3373.0,3078.0,3254,155,3,
M58,0,240.0,0.0,433.33,240.0,0.0,1833.0,0,22.0,5,224.78,3893.0,4150.0,4253.0,4099,185,3,
M58,0,240.0,0.0,433.33,240.0,0.0,1833.0,0,22.0,28,224.78,7005.0,7140.0,6518.0,6888,327,3,
M59,0,870.0,0.0,120.0,287.0,0.0,1510.0,0,4.5,1,677.46,3100.0,3463.0,3285.0,3283,182,3,
M59,0,870.0,0.0,120.0,287.0,0.0,1510.0,0,4.5,3,677.46,6218.0,5755.0,6333.0,6102,306,3,
M59,0,870.0,0.0,120.0,287.0,0.0,1510.0,0,4.5,5,677.46,5785.0,6953.0,6608.0,6449,600,3,
M60,0,498.67,216.0,0.0,267.0,0.0,1785.0,0,4.5,1,391.47,565.0,548.0,470.0,528,51,3,
M60,0,498.67,216.0,0.0,267.0,0.0,1785.0,0,4.5,3,391.47,3058.0,2953.0,3315.0,3109,186,3,
M60,0,498.67,216.0,0.0,267.0,0.0,1785.0,0,4.5,5,391.47,4018.0,3848.0,3998.0,3955,93,3,
M61,0,110.27,0.0,1156.4,443.0,0.0,1233.0,0,22.0,1,185.82,248.0,308.0,303.0,286,33,3,
M61,0,110.27,0.0,1156.4,443.0,0.0,1233.0,0,22.0,3,185.82,2065.0,2208.0,2045.0,2106,89,3,
M61,0,110.27,0.0,1156.4,443.0,0.0,1233.0,0,22.0,5,185.82,3550.0,3403.0,3298.0,3417,127,3,
M61,0,110.27,0.0,1156.4,443.0,0.0,1233.0,0,22.0,28,185.82,3550.0,3403.0,3298.0,3417,127,3,
M62,0,168.53,14.53,397.33,203.0,0.0,1920.0,0,22.0,1,168.26,1005.0,1030.0,1008.0,1014,14,3,
M62,0,168.53,14.53,397.33,203.0,0.0,1920.0,0,22.0,3,168.26,2505.0,2635.0,2590.0,2577,66,3,
M62,0,168.53,14.53,397.33,203.0,0.0,1920.0,0,22.0,5,168.26,3470.0,3723.0,3800.0,3664,173,3,
M62,0,168.53,14.53,397.33,203.0,0.0,1920.0,0,22.0,28,168.26,5655.0,6953.0,7060.0,6556,782,3,
M63,0,0.0,0.0,1198.67,286.67,0.0,1301.33,0,22.0,3,105.82,293.0,268.0,283.0,281,13,3,
M63,0,0.0,0.0,1198.67,286.67,0.0,1301.33,0,22.0,5,105.82,900.0,890.0,903.0,898,7,3,
M63,0,0.0,0.0,1198.67,286.67,0.0,1301.33,0,22.0,28,105.82,3120.0,3593.0,4010.0,3574,445,3,
M64,0,129.47,2.67,438.0,225.33,0.0,1857.33,0,22.0,1,140.77,630.0,593.0,610.0,611,19,3,
M64,0,129.47,2.67,438.0,225.33,0.0,1857.33,0,22.0,3,140.77,2245.0,1320.0,2165.0,1910,513,3,
M64,0,129.47,2.67,438.0,225.33,0.0,1857.33,0,22.0,5,140.77,3688.0,3598.0,3608.0,3631,49,3,
M64,0,129.47,2.67,438.0,225.33,0.0,1857.33,0,22.0,28,140.77,5873.0,6008.0,5975.0,5952,70,3,
M65,0,49.33,44.0,632.0,253.33,0.0,1773.33,0,22.0,1,97.31,203.0,213.0,215.0,210,6,3,
M65,0,49.33,44.0,632.0,253.33,0.0,1773.33,0,22.0,3,97.31,1455.0,1593.0,1468.0,1505,76,3,
M65,0,49.33,44.0,632.0,253.33,0.0,1773.33,0,22.0,5,97.31,2870.0,2660.0,3020.0,2850,181,3,
M65,0,49.33,44.0,632.0,253.33,0.0,1773.33,0,22.0,28,97.31,5250.0,4845.0,4940.0,5012,212,3,
M66,0,194.67,13.33,781.33,345.33,0.0,1512.0,0,22.0,1,219.72,615.0,653.0,658.0,642,24,3,
M66,0,194.67,13.33,781.33,345.33,0.0,1512.0,0,22.0,3,219.72,2358.0,2515.0,2643.0,2505,143,3,
M66,0,194.67,13.33,781.33,345.33,0.0,1512.0,0,22.0,5,219.72,3345.0,3820.0,3900.0,3688,300,3,
M66,0,194.67,13.33,781.33,345.33,0.0,1512.0,0,22.0,28,219.72,7955.0,7025.0,7133.0,7371,509,3,
M67,0,666.67,0.0,0.0,200.0,5.33,1833.0,0,22.0,1,530.24,4770.0,4845.0,5595.0,5070,456,3,
M67,0,666.67,0.0,0.0,200.0,5.33,1833.0,0,22.0,3,530.24,6799.0,6118.0,6184.0,6367,376,3,
M67,0,666.67,0.0,0.0,200.0,5.33,1833.0,0,22.0,5,530.24,7112.0,7165.0,7069.0,7115,48,3,
M67,0,666.67,0.0,0.0,200.0,5.33,1833.0,0,22.0,28,530.24,7902.0,8337.0,8337.0,8192,251,3,
M68,0,666.67,0.0,0.0,267.0,2.67,1833.0,0,22.0,1,521.67,4493.0,4090.0,3535.0,4039,481,3,
M68,0,666.67,0.0,0.0,267.0,2.67,1833.0,0,22.0,3,521.67,5525.0,5895.0,5195.0,5538,350,3,
M68,0,666.67,0.0,0.0,267.0,2.67,1833.0,0,22.0,5,521.67,6343.0,5642.0,4815.0,5600,765,3,
M68,0,666.67,0.0,0.0,267.0,2.67,1833.0,0,22.0,28,521.67,6590.0,7570.0,7068.0,7076,490,3,
M69,0,666.67,0.0,0.0,333.0,0.0,1833.0,0,22.0,1,513.07,1453.0,1928.0,1890.0,1757,264,3,
M69,0,666.67,0.0,0.0,333.0,0.0,1833.0,0,22.0,3,513.07,2283.0,3198.0,3010.0,2830,483,3,
M69,0,666.67,0.0,0.0,333.0,0.0,1833.0,0,22.0,5,513.07,2968.0,4158.0,3913.0,3680,628,3,
M69,0,666.67,0.0,0.0,333.0,0.0,1833.0,0,22.0,28,513.07,6093.0,5795.0,5763.0,5884,182,3,
C1,1,667.0,0.0,0.0,267.0,2.14,755.0,1037,22.0,1,521.11,2675.0,3045.0,3163.0,2961,255,3,10.0
C1,1,667.0,0.0,0.0,267.0,2.14,755.0,1037,22.0,3,521.11,5289.0,4400.0,4886.0,4858,445,3,10.0
C1,1,667.0,0.0,0.0,267.0,2.14,755.0,1037,22.0,5,521.11,5617.0,5980.0,5730.0,5776,186,3,10.0
C1,1,667.0,0.0,0.0,267.0,2.14,755.0,1037,22.0,14,521.11,6230.0,6110.0,6111.0,6150,69,3,10.0
C1,1,667.0,0.0,0.0,267.0,2.14,755.0,1037,22.0,28,521.11,7992.0,8120.0,6111.0,7408,1125,3,10.0
C2,1,667.0,0.0,0.0,267.0,2.14,611.0,1176,22.0,1,521.27,4874.0,4566.0,5252.0,4897,344,3,10.0
C2,1,667.0,0.0,0.0,267.0,2.14,611.0,1176,22.0,3,521.27,6794.0,6471.0,7168.0,6811,349,3,10.0
C2,1,667.0,0.0,0.0,267.0,2.14,611.0,1176,22.0,5,521.27,7718.0,7438.0,7167.0,7441,276,3,10.0
C2,1,667.0,0.0,0.0,267.0,2.14,611.0,1176,22.0,14,521.27,8425.0,7963.0,8701.0,8363,373,3,10.0
C2,1,667.0,0.0,0.0,267.0,2.14,611.0,1176,22.0,28,521.27,9644.0,9656.0,9173.0,9491,275,3,10.0
C3,1,667.0,0.0,0.0,267.0,2.14,423.0,1356,22.0,1,521.47,4220.0,4628.0,4492.0,4447,208,3,10.0
C3,1,667.0,0.0,0.0,267.0,2.14,423.0,1356,22.0,3,521.47,6164.0,6094.0,6391.0,6216,155,3,10.0
C3,1,667.0,0.0,0.0,267.0,2.14,423.0,1356,22.0,5,521.47,5534.0,7651.0,7500.0,6895,1181,3,10.0
C3,1,667.0,0.0,0.0,267.0,2.14,423.0,1356,22.0,14,521.47,8378.0,8639.0,8711.0,8576,175,3,10.0
C3,1,667.0,0.0,0.0,267.0,2.14,423.0,1356,22.0,28,521.47,9594.0,8969.0,9489.0,9351,335,3,10.0
C4,1,667.0,0.0,0.0,267.0,2.14,815.0,928,22.0,1,520.87,5244.0,5033.0,5494.0,5257,231,3,10.0
C4,1,667.0,0.0,0.0,267.0,2.14,815.0,928,22.0,3,520.87,5980.0,7260.0,7131.0,6790,705,3,10.0
C4,1,667.0,0.0,0.0,267.0,2.14,815.0,928,22.0,5,520.87,7576.0,7824.0,7661.0,7687,126,3,10.0
C4,1,667.0,0.0,0.0,267.0,2.14,815.0,928,22.0,14,520.87,9031.0,8722.0,9265.0,9006,272,3,10.0
C4,1,667.0,0.0,0.0,267.0,2.14,815.0,928,22.0,28,520.87,9111.0,9617.0,9742.0,9490,334,3,10.0
C5,1,201.0,173.0,293.0,167.0,3.56,611.0,1176,22.0,1,200.73,894.0,869.0,941.0,901,37,3,10.0
C5,1,201.0,173.0,293.0,167.0,3.56,611.0,1176,22.0,3,200.73,5613.0,5638.0,5627.0,5626,13,3,10.0
C5,1,201.0,173.0,293.0,167.0,3.56,611.0,1176,22.0,5,200.73,8335.0,8081.0,8152.0,8189,131,3,10.0
C5,1,201.0,173.0,293.0,167.0,3.56,611.0,1176,22.0,14,200.73,12578.0,12080.0,13126.0,12595,523,3,10.0
C5,1,201.0,173.0,293.0,167.0,3.56,611.0,1176,22.0,28,200.73,14025.0,14834.0,15912.0,14924,947,3,10.0
C6,1,201.0,173.0,293.0,167.0,4.63,611.0,1176,22.0,1,204.17,1755.0,1926.0,1747.0,1809,101,3,10.0
C6,1,201.0,173.0,293.0,167.0,4.63,611.0,1176,22.0,3,204.17,5974.0,6010.0,6137.0,6040,86,3,10.0
C6,1,201.0,173.0,293.0,167.0,4.63,611.0,1176,22.0,5,204.17,8576.0,8503.0,8686.0,8588,92,3,10.0
C6,1,201.0,173.0,293.0,167.0,4.63,611.0,1176,22.0,14,204.17,13300.0,13759.0,13530.0,13530,230,3,10.0
C6,1,201.0,173.0,293.0,167.0,4.63,611.0,1176,22.0,28,204.17,16029.0,16652.0,15406.0,16029,623,3,10.0
C7,1,455.0,159.0,53.0,200.0,2.85,611.0,1176,22.0,1,371.27,5187.0,5271.0,5229.0,5229,42,3,7.5
C7,1,455.0,159.0,53.0,200.0,2.85,611.0,1176,22.0,3,371.27,7583.0,7414.0,7747.0,7581,167,3,7.5
C7,1,455.0,159.0,53.0,200.0,2.85,611.0,1176,22.0,5,371.27,8489.0,8593.0,8444.0,8509,76,3,7.5
C7,1,455.0,159.0,53.0,200.0,2.85,611.0,1176,22.0,14,371.27,10852.0,10508.0,11189.0,10850,341,3,7.5
C7,1,455.0,159.0,53.0,200.0,2.85,611.0,1176,22.0,28,371.27,12018.0,11814.0,11713.0,11848,155,3,7.5
C8,1,887.0,9.0,55.0,285.0,1.43,516.0,993,22.0,1,690.62,6216.0,5589.0,5978.0,5928,317,3,1.8
C8,1,887.0,9.0,55.0,285.0,1.43,516.0,993,22.0,3,690.62,7521.0,7641.0,7395.0,7519,123,3,1.8
C8,1,887.0,9.0,55.0,285.0,1.43,516.0,993,22.0,5,690.62,7973.0,8009.0,7377.0,7786,355,3,1.8
C8,1,887.0,9.0,55.0,285.0,1.43,516.0,993,22.0,14,690.62,8777.0,8522.0,8270.0,8523,254,3,1.8
C8,1,887.0,9.0,55.0,285.0,1.43,516.0,993,22.0,28,690.62,9243.0,9422.0,9131.0,9265,147,3,1.8
C9,1,229.0,137.0,300.0,200.0,2.49,611.0,1176,22.0,1,218.71,984.0,947.0,1135.0,1022,100,3,7.5
C9,1,229.0,137.0,300.0,200.0,2.49,611.0,1176,22.0,3,218.71,3572.0,3732.0,4044.0,3783,240,3,7.5
C9,1,229.0,137.0,300.0,200.0,2.49,611.0,1176,22.0,5,218.71,6192.0,6249.0,6110.0,6184,70,3,7.5
C9,1,229.0,137.0,300.0,200.0,2.49,611.0,1176,22.0,14,218.71,10159.0,9859.0,9808.0,9942,190,3,7.5
C9,1,229.0,137.0,300.0,200.0,2.49,611.0,1176,22.0,28,218.71,11379.0,11207.0,12059.0,11548,451,3,7.5
C10,1,201.0,173.0,293.0,267.0,0.0,611.0,1176,22.0,1,189.24,360.0,414.0,464.0,413,52,3,8.5
C10,1,201.0,173.0,293.0,267.0,0.0,611.0,1176,22.0,3,189.24,2776.0,2523.0,3029.0,2776,253,3,8.5
C10,1,201.0,173.0,293.0,267.0,0.0,611.0,1176,22.0,5,189.24,3235.0,3711.0,3760.0,3569,290,3,8.5
C10,1,201.0,173.0,293.0,267.0,0.0,611.0,1176,22.0,14,189.24,5943.0,6111.0,5571.0,5875,276,3,8.5
C10,1,201.0,173.0,293.0,267.0,0.0,611.0,1176,22.0,28,189.24,8073.0,8239.0,7764.0,8025,241,3,8.5
C11,1,133.0,167.0,367.0,200.0,1.43,611.0,1176,22.0,1,148.6,384.0,396.0,312.0,364,45,3,6.5
C11,1,133.0,167.0,367.0,200.0,1.43,611.0,1176,22.0,3,148.6,3287.0,3326.0,3185.0,3266,73,3,6.5
C11,1,133.0,167.0,367.0,200.0,1.43,611.0,1176,22.0,5,148.6,5480.0,5377.0,4719.0,5192,413,3,6.5
C11,1,133.0,167.0,367.0,200.0,1.43,611.0,1176,22.0,14,148.6,9508.0,9301.0,8982.0,9264,265,3,6.5
C11,1,133.0,167.0,367.0,200.0,1.43,611.0,1176,22.0,28,148.6,11563.0,11377.0,10773.0,11238,413,3,6.5
C12,1,133.0,533.0,0.0,200.0,0.53,611.0,1176,22.0,1,125.19,140.0,130.0,129.0,133,6,3,8.5
C12,1,133.0,533.0,0.0,200.0,0.53,611.0,1176,22.0,3,125.19,133.0,133.0,133.0,133,0,3,8.5
C12,1,133.0,533.0,0.0,200.0,0.53,611.0,1176,22.0,5,125.19,201.0,157.0,164.0,174,24,3,8.5
C12,1,133.0,533.0,0.0,200.0,0.53,611.0,1176,22.0,14,125.19,2424.0,2208.0,2401.0,2344,119,3,8.5
C12,1,133.0,533.0,0.0,200.0,0.53,611.0,1176,22.0,28,125.19,3020.0,3651.0,3558.0,3410,341,3,8.5
C13,1,133.0,233.0,300.0,200.0,0.71,611.0,1176,22.0,1,142.57,153.0,146.0,163.0,154,9,3,1.0
C13,1,133.0,233.0,300.0,200.0,0.71,611.0,1176,22.0,3,142.57,2390.0,2188.0,2446.0,2341,136,3,1.0
C13,1,133.0,233.0,300.0,200.0,0.71,611.0,1176,22.0,5,142.57,3567.0,3950.0,4014.0,3844,242,3,1.0
C13,1,133.0,233.0,300.0,200.0,0.71,611.0,1176,22.0,14,142.57,7703.0,7842.0,7706.0,7750,79,3,1.0
C13,1,133.0,233.0,300.0,200.0,0.71,611.0,1176,22.0,28,142.57,10903.0,10576.0,10763.0,10747,164,3,1.0
C14,1,201.0,173.0,293.0,200.0,1.78,611.0,1176,22.0,1,195.0,673.0,610.0,664.0,649,34,3,8.3
C14,1,201.0,173.0,293.0,200.0,1.78,611.0,1176,22.0,3,195.0,5446.0,5221.0,4763.0,5143,348,3,8.3
C14,1,201.0,173.0,293.0,200.0,1.78,611.0,1176,22.0,5,195.0,6484.0,6698.0,7089.0,6757,307,3,8.3
C14,1,201.0,173.0,293.0,200.0,1.78,611.0,1176,22.0,14,195.0,10182.0,9858.0,10427.0,10156,285,3,8.3
C14,1,201.0,173.0,293.0,200.0,1.78,611.0,1176,22.0,28,195.0,11416.0,11802.0,11726.0,11648,204,3,8.3
C15,1,201.0,173.0,293.0,233.0,0.89,611.0,1176,22.0,1,192.0,699.0,757.0,553.0,670,105,3,9.0
C15,1,201.0,173.0,293.0,233.0,0.89,611.0,1176,22.0,3,192.0,2675.0,3009.0,2468.0,2717,273,3,9.0
C15,1,201.0,173.0,293.0,233.0,0.89,611.0,1176,22.0,5,192.0,5231.0,5068.0,4967.0,5089,133,3,9.0
C15,1,201.0,173.0,293.0,233.0,0.89,611.0,1176,22.0,14,192.0,8148.0,8066.0,7724.0,7979,225,3,9.0
C15,1,201.0,173.0,293.0,233.0,0.89,611.0,1176,22.0,28,192.0,9639.0,9409.0,9246.0,9431,197,3,9.0
C16,1,667.0,0.0,0.0,333.0,0.0,611.0,1176,22.0,1,514.0,1825.0,1715.0,1934.0,1825,110,3,10.5
C16,1,667.0,0.0,0.0,333.0,0.0,611.0,1176,22.0,3,514.0,2412.0,3439.0,2553.0,2801,557,3,10.5
C16,1,667.0,0.0,0.0,333.0,0.0,611.0,1176,22.0,5,514.0,4243.0,4412.0,4073.0,4243,170,3,10.5
C16,1,667.0,0.0,0.0,333.0,0.0,611.0,1176,22.0,14,514.0,5706.0,4720.0,5213.0,5213,493,3,10.5
C16,1,667.0,0.0,0.0,333.0,0.0,611.0,1176,22.0,28,514.0,5611.0,3984.0,5663.0,5086,955,3,10.5
C17,1,467.0,200.0,0.0,333.0,0.0,611.0,1176,22.0,1,368.0,758.0,818.0,878.0,818,60,3,11.1
C17,1,467.0,200.0,0.0,333.0,0.0,611.0,1176,22.0,3,368.0,2310.0,1547.0,1395.0,1751,490,3,11.1
C17,1,467.0,200.0,0.0,333.0,0.0,611.0,1176,22.0,5,368.0,2250.0,2044.0,1837.0,2044,207,3,11.1
C17,1,467.0,200.0,0.0,333.0,0.0,611.0,1176,22.0,14,368.0,6047.0,1670.0,5706.0,4474,2435,3,11.1
C17,1,467.0,200.0,0.0,333.0,0.0,611.0,1176,22.0,28,368.0,6130.0,5877.0,3943.0,5317,1196,3,11.1
C18,1,400.0,267.0,0.0,333.0,0.0,611.0,1176,22.0,1,319.0,422.0,484.0,492.0,466,38,3,11.1
C18,1,400.0,267.0,0.0,333.0,0.0,611.0,1176,22.0,3,319.0,696.0,1899.0,2106.0,1567,761,3,11.1
C18,1,400.0,267.0,0.0,333.0,0.0,611.0,1176,22.0,5,319.0,3536.0,2591.0,3516.0,3214,540,3,11.1
C18,1,400.0,267.0,0.0,333.0,0.0,611.0,1176,22.0,14,319.0,4170.0,5090.0,4490.0,4583,467,3,11.1
C18,1,400.0,267.0,0.0,333.0,0.0,611.0,1176,22.0,28,319.0,6510.0,6965.0,6575.0,6683,246,3,11.1
C19,1,267.0,400.0,0.0,233.0,0.0,611.0,1176,22.0,1,221.0,224.0,199.0,199.0,207,14,3,7.9
C19,1,267.0,400.0,0.0,233.0,0.0,611.0,1176,22.0,3,221.0,2172.0,2281.0,2331.0,2261,81,3,7.9
C19,1,267.0,400.0,0.0,233.0,0.0,611.0,1176,22.0,5,221.0,3696.0,4081.0,4128.0,3968,237,3,7.9
C19,1,267.0,400.0,0.0,233.0,0.0,611.0,1176,22.0,14,221.0,7020.0,6765.0,6999.0,6928,142,3,7.9
C19,1,267.0,400.0,0.0,233.0,0.0,611.0,1176,22.0,28,221.0,8313.0,8694.0,8456.0,8488,192,3,7.9
C20,1,200.0,467.0,0.0,233.0,0.0,611.0,1176,22.0,1,172.0,74.0,95.0,83.0,84,11,3,8.0
C20,1,200.0,467.0,0.0,233.0,0.0,611.0,1176,22.0,3,172.0,627.0,542.0,585.0,585,43,3,8.0
C20,1,200.0,467.0,0.0,233.0,0.0,611.0,1176,22.0,5,172.0,1845.0,1529.0,1872.0,1749,191,3,8.0
C20,1,200.0,467.0,0.0,233.0,0.0,611.0,1176,22.0,14,172.0,4594.0,4686.0,4585.0,4622,56,3,8.0
C20,1,200.0,467.0,0.0,233.0,0.0,611.0,1176,22.0,28,172.0,5790.0,4839.0,5841.0,5490,564,3,8.0
C21,1,500.0,0.0,0.0,200.0,0.36,667.0,1282,22.0,1,389.0,4568.0,4293.0,4570.0,4477,159,3,3.8
C21,1,500.0,0.0,0.0,200.0,0.36,667.0,1282,22.0,3,389.0,5713.0,5694.0,6911.0,6106,697,3,3.8
C21,1,500.0,0.0,0.0,200.0,0.36,667.0,1282,22.0,5,389.0,6522.0,6419.0,7064.0,6668,347,3,3.8
C21,1,500.0,0.0,0.0,200.0,0.36,667.0,1282,22.0,14,389.0,8199.0,8144.0,7295.0,7879,507,3,3.8
C21,1,500.0,0.0,0.0,200.0,0.36,667.0,1282,22.0,28,389.0,8247.0,8998.0,7482.0,8242,758,3,3.8
C22,1,400.0,0.0,0.0,160.0,0.89,700.0,1347,22.0,1,315.0,4754.0,3317.0,4816.0,4296,848,3,0.8
C22,1,400.0,0.0,0.0,160.0,0.89,700.0,1347,22.0,3,315.0,7015.0,6435.0,7042.0,6831,343,3,0.8
C22,1,400.0,0.0,0.0,160.0,0.89,700.0,1347,22.0,5,315.0,7989.0,7738.0,7450.0,7726,270,3,0.8
C22,1,400.0,0.0,0.0,160.0,0.89,700.0,1347,22.0,14,315.0,8837.0,8639.0,8050.0,8509,409,3,0.8
C22,1,400.0,0.0,0.0,160.0,0.89,700.0,1347,22.0,28,315.0,9465.0,9967.0,9439.0,9624,298,3,0.8
C23,1,280.0,120.0,0.0,160.0,0.89,700.0,1347,22.0,1,227.0,2147.0,2148.0,1657.0,1984,283,3,5.0
C23,1,280.0,120.0,0.0,160.0,0.89,700.0,1347,22.0,3,227.0,6125.0,5117.0,5134.0,5459,577,3,5.0
C23,1,280.0,120.0,0.0,160.0,0.89,700.0,1347,22.0,5,227.0,7104.0,7455.0,7298.0,7286,176,3,5.0
C23,1,280.0,120.0,0.0,160.0,0.89,700.0,1347,22.0,14,227.0,9014.0,8947.0,6107.0,8023,1659,3,5.0
C23,1,280.0,120.0,0.0,160.0,0.89,700.0,1347,22.0,28,227.0,9714.0,10247.0,10158.0,10040,286,3,5.0
C24,1,240.0,160.0,0.0,160.0,0.71,700.0,1347,22.0,1,197.0,981.0,739.0,970.0,897,137,3,5.5
C24,1,240.0,160.0,0.0,160.0,0.71,700.0,1347,22.0,3,197.0,5090.0,4499.0,5217.0,4935,383,3,5.5
C24,1,240.0,160.0,0.0,160.0,0.71,700.0,1347,22.0,5,197.0,5960.0,6668.0,6732.0,6453,428,3,5.5
C24,1,240.0,160.0,0.0,160.0,0.71,700.0,1347,22.0,14,197.0,8918.0,9225.0,8927.0,9023,175,3,5.5
C24,1,240.0,160.0,0.0,160.0,0.71,700.0,1347,22.0,28,197.0,9944.0,10714.0,10482.0,10380,395,3,5.5
C25,1,80.0,100.0,220.0,160.0,0.89,700.0,1347,22.0,1,93.0,631.0,626.0,678.0,645,29,3,0.9
C25,1,80.0,100.0,220.0,160.0,0.89,700.0,1347,22.0,3,93.0,2211.0,2214.0,2137.0,2187,44,3,0.9
C25,1,80.0,100.0,220.0,160.0,0.89,700.0,1347,22.0,5,93.0,2962.0,3428.0,3352.0,3247,250,3,0.9
C25,1,80.0,100.0,220.0,160.0,0.89,700.0,1347,22.0,14,93.0,6313.0,6382.0,6270.0,6322,57,3,0.9
C25,1,80.0,100.0,220.0,160.0,0.89,700.0,1347,22.0,28,93.0,8328.0,7898.0,7754.0,7993,299,3,0.9
C26,1,160.0,240.0,0.0,140.0,0.89,700.0,1347,22.0,1,139.0,173.0,195.0,174.0,181,12,3,7.9
C26,1,160.0,240.0,0.0,140.0,0.89,700.0,1347,22.0,3,139.0,2906.0,2901.0,3042.0,2950,80,3,7.9
C26,1,160.0,240.0,0.0,140.0,0.89,700.0,1347,22.0,5,139.0,5148.0,4846.0,5152.0,5049,176,3,7.9
C26,1,160.0,240.0,0.0,140.0,0.89,700.0,1347,22.0,14,139.0,7809.0,8280.0,6142.0,7410,1123,3,7.9
C26,1,160.0,240.0,0.0,140.0,0.89,700.0,1347,22.0,28,139.0,7531.0,7410.0,7410.0,7450,70,3,7.9
C27,1,120.0,280.0,0.0,140.0,0.71,700.0,1347,22.0,1,109.0,99.0,80.0,75.0,85,13,3,5.9
C27,1,120.0,280.0,0.0,140.0,0.71,700.0,1347,22.0,3,109.0,754.0,814.0,804.0,791,32,3,5.9
C27,1,120.0,280.0,0.0,140.0,0.71,700.0,1347,22.0,5,109.0,1775.0,2012.0,1899.0,1895,119,3,5.9
C27,1,120.0,280.0,0.0,140.0,0.71,700.0,1347,22.0,14,109.0,4392.0,4392.0,4337.0,4374,32,3,5.9
C27,1,120.0,280.0,0.0,140.0,0.71,700.0,1347,22.0,28,109.0,5242.0,5111.0,5352.0,5235,121,3,5.9
C28,2,263.0,0.0,108.0,130.0,2.04,867.0,1129,22.0,1,223.0,4042.0,3980.0,3991.0,4004,33,3,10.3
C28,2,263.0,0.0,108.0,130.0,2.04,867.0,1129,22.0,3,223.0,6346.0,6094.0,5989.0,6143,183,3,10.3
C28,2,263.0,0.0,108.0,130.0,2.04,867.0,1129,22.0,5,223.0,6793.0,7326.0,6808.0,6976,303,3,10.3
C28,2,263.0,0.0,108.0,130.0,2.04,867.0,1129,22.0,14,223.0,8546.0,8228.0,8571.0,8448,191,3,10.3
C28,2,263.0,0.0,108.0,130.0,2.04,867.0,1129,22.0,28,223.0,9703.0,8984.0,9345.0,9344,360,3,10.3
C29,2,225.0,0.0,223.0,157.0,2.04,818.0,1073,22.0,1,204.0,2016.0,2290.0,2227.0,2178,144,3,9.8
C29,2,225.0,0.0,223.0,157.0,2.04,818.0,1073,22.0,3,204.0,5132.0,5391.0,4930.0,5151,231,3,9.8
C29,2,225.0,0.0,223.0,157.0,2.04,818.0,1073,22.0,5,204.0,5638.0,6057.0,5996.0,5897,226,3,9.8
C29,2,225.0,0.0,223.0,157.0,2.04,818.0,1073,22.0,14,204.0,8281.0,7384.0,6684.0,7450,801,3,9.8
C29,2,225.0,0.0,223.0,157.0,2.04,818.0,1073,22.0,28,204.0,8389.0,9337.0,8873.0,8866,474,3,9.8
C30,2,210.0,39.0,122.0,130.0,2.04,942.0,1054,22.0,1,183.0,1968.0,2018.0,2060.0,2015,46,3,11.1
C30,2,210.0,39.0,122.0,130.0,2.04,942.0,1054,22.0,3,183.0,4520.0,4860.0,4959.0,4780,230,3,11.1
C30,2,210.0,39.0,122.0,130.0,2.04,942.0,1054,22.0,5,183.0,5768.0,5179.0,5509.0,5485,295,3,11.1
C30,2,210.0,39.0,122.0,130.0,2.04,942.0,1054,22.0,14,183.0,7017.0,7287.0,7523.0,7276,253,3,11.1
C30,2,210.0,39.0,122.0,130.0,2.04,942.0,1054,22.0,28,183.0,8524.0,8382.0,8211.0,8372,157,3,11.1
C31,2,179.0,0.0,191.0,130.0,1.28,946.0,1051,22.0,1,164.0,2537.0,2563.0,2799.0,2633,144,3,6.8
C31,2,179.0,0.0,191.0,130.0,1.28,946.0,1051,22.0,3,164.0,4699.0,4773.0,4802.0,4758,53,3,6.8
C31,2,179.0,0.0,191.0,130.0,1.28,946.0,1051,22.0,5,164.0,5280.0,5390.0,5049.0,5240,174,3,6.8
C31,2,179.0,0.0,191.0,130.0,1.28,946.0,1051,22.0,14,164.0,7113.0,6942.0,7251.0,7102,155,3,6.8
C31,2,179.0,0.0,191.0,130.0,1.28,946.0,1051,22.0,28,164.0,8315.0,8469.0,7985.0,8256,247,3,6.8
C32,2,148.0,0.0,222.0,130.0,1.4,875.0,1121,22.0,1,143.0,1795.0,1682.0,1528.0,1668,134,3,9.8
C32,2,148.0,0.0,222.0,130.0,1.4,875.0,1121,22.0,3,143.0,4444.0,4131.0,4461.0,4345,186,3,9.8
C32,2,148.0,0.0,222.0,130.0,1.4,875.0,1121,22.0,5,143.0,5517.0,5620.0,6146.0,5761,337,3,9.8
C32,2,148.0,0.0,222.0,130.0,1.4,875.0,1121,22.0,14,143.0,5769.0,7272.0,7034.0,6692,808,3,9.8
C32,2,148.0,0.0,222.0,130.0,1.4,875.0,1121,22.0,28,143.0,7881.0,7943.0,7528.0,7784,224,3,9.8
C33,2,263.0,0.0,108.0,148.0,0.59,818.0,1129,22.0,1,218.36,2255.0,2312.0,2331.0,2299,40,3,5.5
C33,2,263.0,0.0,108.0,148.0,0.59,818.0,1129,22.0,3,218.36,3606.0,3609.0,3865.0,3693,149,3,5.5
C33,2,263.0,0.0,108.0,148.0,0.59,818.0,1129,22.0,5,218.36,4634.0,4498.0,4763.0,4632,133,3,5.5
C33,2,263.0,0.0,108.0,148.0,0.59,818.0,1129,22.0,14,218.36,5983.0,6126.0,5546.0,5885,302,3,5.5
C33,2,263.0,0.0,108.0,148.0,0.59,818.0,1129,22.0,28,218.36,6781.0,6551.0,6939.0,6757,195,3,5.5
C34,2,263.0,0.0,108.0,167.0,0.0,768.0,1129,22.0,1,216.34,1791.0,2046.0,1593.0,1810,227,3,7.3
C34,2,263.0,0.0,108.0,167.0,0.0,768.0,1129,22.0,3,216.34,3497.0,3285.0,2957.0,3246,272,3,7.3
C34,2,263.0,0.0,108.0,167.0,0.0,768.0,1129,22.0,5,216.34,3831.0,4494.0,3857.0,4061,376,3,7.3
C34,2,263.0,0.0,108.0,167.0,0.0,768.0,1129,22.0,14,216.34,5876.0,5900.0,5514.0,5763,216,3,7.3
C34,2,263.0,0.0,108.0,167.0,0.0,768.0,1129,22.0,28,216.34,6590.0,5996.0,6299.0,6295,297,3,7.3
C35,2,263.0,0.0,108.0,186.0,0.0,719.0,1129,22.0,1,216.22,1210.0,1273.0,1177.0,1220,49,3,8.8
C35,2,263.0,0.0,108.0,186.0,0.0,719.0,1129,22.0,3,216.22,2868.0,2677.0,2971.0,2839,149,3,8.8
C35,2,263.0,0.0,108.0,186.0,0.0,719.0,1129,22.0,5,216.22,3493.0,3303.0,3465.0,3420,103,3,8.8
C35,2,263.0,0.0,108.0,186.0,0.0,719.0,1129,22.0,14,216.22,4598.0,4237.0,4649.0,4495,225,3,8.8
C35,2,263.0,0.0,108.0,186.0,0.0,719.0,1129,22.0,28,216.22,4632.0,4246.0,5014.0,4631,384,3,8.8
C36,2,237.0,0.0,97.0,130.0,1.02,881.0,1147,22.0,1,199.42,2050.0,2595.0,2372.0,2339,274,3,7.0
C36,2,237.0,0.0,97.0,130.0,1.02,881.0,1147,22.0,3,199.42,4473.0,4343.0,4280.0,4365,98,3,7.0
C36,2,237.0,0.0,97.0,130.0,1.02,881.0,1147,22.0,5,199.42,4893.0,5325.0,5214.0,5144,224,3,7.0
C36,2,237.0,0.0,97.0,130.0,1.02,881.0,1147,22.0,14,199.42,6699.0,6514.0,6666.0,6626,99,3,7.0
C36,2,237.0,0.0,97.0,130.0,1.02,881.0,1147,22.0,28,199.42,7488.0,7658.0,7544.0,7563,87,3,7.0
C37,2,210.0,0.0,86.0,130.0,0.77,895.0,1166,22.0,1,177.2,2107.0,2203.0,2152.0,2154,48,3,4.3
C37,2,210.0,0.0,86.0,130.0,0.77,895.0,1166,22.0,3,177.2,3649.0,3733.0,3555.0,3646,89,3,4.3
C37,2,210.0,0.0,86.0,130.0,0.77,895.0,1166,22.0,5,177.2,3981.0,4326.0,4434.0,4247,237,3,4.3
C37,2,210.0,0.0,86.0,130.0,0.77,895.0,1166,22.0,14,177.2,6382.0,5566.0,5737.0,5895,430,3,4.3
C37,2,210.0,0.0,86.0,130.0,0.77,895.0,1166,22.0,28,177.2,7292.0,6946.0,6539.0,6926,377,3,4.3
C38,2,184.0,0.0,76.0,130.0,0.0,909.0,1184,22.0,1,154.15,1084.0,1171.0,1128.0,1128,44,3,1.3
C38,2,184.0,0.0,76.0,130.0,0.0,909.0,1184,22.0,3,154.15,2507.0,2464.0,2493.0,2488,22,3,1.3
C38,2,184.0,0.0,76.0,130.0,0.0,909.0,1184,22.0,5,154.15,2841.0,3068.0,3247.0,3052,203,3,1.3
C38,2,184.0,0.0,76.0,130.0,0.0,909.0,1184,22.0,14,154.15,4637.0,4689.0,4638.0,4655,30,3,1.3
C38,2,184.0,0.0,76.0,130.0,0.0,909.0,1184,22.0,28,154.15,5347.0,5018.0,5339.0,5235,188,3,1.3
C39,2,225.0,0.0,223.0,179.0,0.0,758.0,1073,22.0,1,197.15,1416.0,1548.0,1467.0,1477,67,3,8.5
C39,2,225.0,0.0,223.0,179.0,0.0,758.0,1073,22.0,3,197.15,3173.0,3238.0,3271.0,3227,50,3,8.5
C39,2,225.0,0.0,223.0,179.0,0.0,758.0,1073,22.0,5,197.15,3754.0,4054.0,4021.0,3943,165,3,8.5
C39,2,225.0,0.0,223.0,179.0,0.0,758.0,1073,22.0,14,197.15,5748.0,6284.0,5470.0,5834,414,3,8.5
C39,2,225.0,0.0,223.0,179.0,0.0,758.0,1073,22.0,28,197.15,6040.0,6841.0,7096.0,6659,551,3,8.5
C40,2,179.0,0.0,191.0,148.0,0.51,898.0,1051,22.0,1,161.0,1991.0,2160.0,1964.0,2038,106,3,1.9
C40,2,179.0,0.0,191.0,148.0,0.51,898.0,1051,22.0,3,161.0,3786.0,3504.0,3487.0,3592,168,3,1.9
C40,2,179.0,0.0,191.0,148.0,0.51,898.0,1051,22.0,5,161.0,4208.0,4527.0,4458.0,4398,168,3,1.9
C40,2,179.0,0.0,191.0,148.0,0.51,898.0,1051,22.0,14,161.0,5452.0,6149.0,5669.0,5757,357,3,1.9
C40,2,179.0,0.0,191.0,148.0,0.51,898.0,1051,22.0,28,161.0,6768.0,6832.0,6698.0,6766,67,3,1.9
C41,2,179.0,0.0,191.0,167.0,0.0,849.0,1051,22.0,1,160.0,1573.0,1533.0,1438.0,1515,69,3,5.6
C41,2,179.0,0.0,191.0,167.0,0.0,849.0,1051,22.0,3,160.0,3029.0,2980.0,2985.0,2998,27,3,5.6
C41,2,179.0,0.0,191.0,167.0,0.0,849.0,1051,22.0,5,160.0,3660.0,3330.0,3477.0,3489,165,3,5.6
C41,2,179.0,0.0,191.0,167.0,0.0,849.0,1051,22.0,14,160.0,5125.0,5805.0,5752.0,5561,378,3,5.6
C41,2,179.0,0.0,191.0,167.0,0.0,849.0,1051,22.0,28,160.0,6343.0,6190.0,6154.0,6229,100,3,5.6
C42,2,179.0,0.0,191.0,185.0,0.0,800.0,1051,22.0,1,160.0,854.0,883.0,872.0,870,15,3,9.0
C42,2,179.0,0.0,191.0,185.0,0.0,800.0,1051,22.0,3,161.0,2039.0,1981.0,2008.0,2009,29,3,9.0
C42,2,179.0,0.0,191.0,185.0,0.0,800.0,1051,22.0,5,161.0,2777.0,2663.0,2848.0,2763,93,3,9.0
C42,2,179.0,0.0,191.0,185.0,0.0,800.0,1051,22.0,14,161.0,4272.0,4275.0,4570.0,4372,171,3,9.0
C42,2,179.0,0.0,191.0,185.0,0.0,800.0,1051,22.0,28,161.0,5277.0,4595.0,4846.0,4906,345,3,9.0
C43,2,162.0,0.0,172.0,130.0,0.77,961.0,1068,22.0,1,146.0,1240.0,1344.0,1247.0,1277,58,3,6.3
C43,2,162.0,0.0,172.0,130.0,0.77,961.0,1068,22.0,3,146.0,2955.0,3000.0,2749.0,2901,134,3,6.3
C43,2,162.0,0.0,172.0,130.0,0.77,961.0,1068,22.0,5,146.0,3920.0,3762.0,3696.0,3793,115,3,6.3
C43,2,162.0,0.0,172.0,130.0,0.77,961.0,1068,22.0,14,146.0,4947.0,5027.0,5301.0,5092,186,3,6.3
C43,2,162.0,0.0,172.0,130.0,0.77,961.0,1068,22.0,28,146.0,5542.0,5828.0,5579.0,5650,156,3,6.3
C44,2,144.0,0.0,153.0,131.0,0.77,977.0,1085,22.0,1,132.0,1496.0,1533.0,1647.0,1559,79,3,1.9
C44,2,144.0,0.0,153.0,131.0,0.77,977.0,1085,22.0,3,132.0,3191.0,2873.0,2928.0,2997,170,3,1.9
C44,2,144.0,0.0,153.0,131.0,0.77,977.0,1085,22.0,5,132.0,3855.0,4040.0,4082.0,3992,121,3,1.9
C44,2,144.0,0.0,153.0,131.0,0.77,977.0,1085,22.0,14,132.0,5621.0,5928.0,5673.0,5741,164,3,1.9
C44,2,144.0,0.0,153.0,131.0,0.77,977.0,1085,22.0,28,132.0,6002.0,6321.0,6455.0,6259,233,3,1.9
C45,2,126.0,0.0,134.0,130.0,1.28,992.0,1103,22.0,1,116.0,668.0,756.0,707.0,710,44,3,5.9
C45,2,126.0,0.0,134.0,130.0,1.28,992.0,1103,22.0,3,116.0,1971.0,2045.0,2012.0,2009,37,3,5.9
C45,2,126.0,0.0,134.0,130.0,1.28,992.0,1103,22.0,5,116.0,2795.0,3041.0,2943.0,2926,124,3,5.9
C45,2,126.0,0.0,134.0,130.0,1.28,992.0,1103,22.0,14,116.0,4536.0,4271.0,4558.0,4455,160,3,5.9
C45,2,126.0,0.0,134.0,130.0,1.28,992.0,1103,22.0,28,116.0,4935.0,4972.0,5156.0,5021,118,3,5.9
C46,2,210.0,0.0,86.0,130.0,1.28,895.0,1166,22.0,1,178.0,2352.0,2225.0,2182.0,2253,88,3,6.8
C46,2,210.0,0.0,86.0,130.0,1.28,895.0,1166,22.0,3,178.0,3272.0,3380.0,3220.0,3291,82,3,6.8
C46,2,210.0,0.0,86.0,130.0,1.28,895.0,1166,22.0,5,178.0,4034.0,4356.0,4156.0,4182,163,3,6.8
C46,2,210.0,0.0,86.0,130.0,1.28,895.0,1166,22.0,14,178.0,5124.0,5472.0,5153.0,5250,193,3,6.8
C46,2,210.0,0.0,86.0,130.0,1.28,895.0,1166,22.0,28,178.0,6000.0,5948.0,6025.0,5991,39,3,6.8
C47,2,210.0,0.0,86.0,130.0,1.02,895.0,1166,10.0,1,178.0,1493.0,1558.0,1746.0,1599,131,3,6.5
C47,2,210.0,0.0,86.0,130.0,1.02,895.0,1166,10.0,3,178.0,2286.0,2079.0,2244.0,2203,109,3,6.5
C47,2,210.0,0.0,86.0,130.0,1.02,895.0,1166,10.0,5,178.0,3124.0,2939.0,2988.0,3017,96,3,6.5
C47,2,210.0,0.0,86.0,130.0,1.02,895.0,1166,10.0,14,178.0,4661.0,4335.0,4533.0,4510,164,3,6.5
C47,2,210.0,0.0,86.0,130.0,1.02,895.0,1166,10.0,28,178.0,5320.0,5423.0,5822.0,5522,265,3,6.5
C48,2,180.0,30.0,90.0,132.0,0.5,895.0,1166,22.0,1,154.0,1406.0,1440.0,1319.0,1388,62,3,1.0
C48,2,180.0,30.0,90.0,132.0,0.5,895.0,1166,22.0,3,154.0,2730.0,2535.0,2743.0,2669,117,3,1.0
C48,2,180.0,30.0,90.0,132.0,0.5,895.0,1166,22.0,5,154.0,3397.0,3197.0,3640.0,3411,222,3,1.0
C48,2,180.0,30.0,90.0,132.0,0.5,895.0,1166,22.0,14,154.0,4748.0,5127.0,5033.0,4969,197,3,1.0
C48,2,180.0,30.0,90.0,132.0,0.5,895.0,1166,22.0,28,154.0,5426.0,5289.0,5394.0,5370,72,3,1.0
C49,2,150.0,60.0,90.0,132.0,0.75,895.0,1166,22.0,1,133.0,1030.0,1038.0,1045.0,1038,8,3,4.5
C49,2,150.0,60.0,90.0,132.0,0.75,895.0,1166,22.0,3,133.0,2414.0,2235.0,2593.0,2414,179,3,4.5
C49,2,150.0,60.0,90.0,132.0,0.75,895.0,1166,22.0,5,133.0,3223.0,3069.0,2705.0,2999,266,3,4.5
C49,2,150.0,60.0,90.0,132.0,0.75,895.0,1166,22.0,14,133.0,4933.0,4999.0,4832.0,4921,84,3,4.5
C49,2,150.0,60.0,90.0,132.0,0.75,895.0,1166,22.0,28,133.0,5194.0,4880.0,5336.0,5137,233,3,4.5
C50,2,150.0,30.0,120.0,132.0,1.25,895.0,1166,22.0,1,136.0,1112.0,1162.0,1231.0,1168,60,3,8.0
C50,2,150.0,30.0,120.0,132.0,1.25,895.0,1166,22.0,3,136.0,3102.0,3222.0,3304.0,3209,102,3,8.0
C50,2,150.0,30.0,120.0,132.0,1.25,895.0,1166,22.0,5,136.0,3921.0,4023.0,4107.0,4017,93,3,8.0
C50,2,150.0,30.0,120.0,132.0,1.25,895.0,1166,22.0,14,136.0,5351.0,5710.0,5523.0,5528,180,3,8.0
C50,2,150.0,30.0,120.0,132.0,1.25,895.0,1166,22.0,28,136.0,5848.0,6255.0,6384.0,6162,280,3,8.0
C51,2,210.0,0.0,90.0,120.0,2.0,895.0,1166,22.0,1,181.0,2923.0,2904.0,3092.0,2973,103,3,1.0
C51,2,210.0,0.0,90.0,120.0,2.0,895.0,1166,22.0,3,181.0,4885.0,4837.0,4879.0,4867,26,3,1.0
C51,2,210.0,0.0,90.0,120.0,2.0,895.0,1166,22.0,5,181.0,5877.0,6328.0,5741.0,5982,307,3,1.0
C51,2,210.0,0.0,90.0,120.0,2.0,895.0,1166,22.0,14,181.0,7848.0,7311.0,7478.0,7546,275,3,1.0
C51,2,210.0,0.0,90.0,120.0,2.0,895.0,1166,22.0,28,181.0,8201.0,8241.0,8285.0,8242,42,3,1.0
C52,2,180.0,30.0,90.0,120.0,1.25,895.0,1166,22.0,1,156.0,1505.0,1653.0,1744.0,1634,121,3,7.5
C52,2,180.0,30.0,90.0,120.0,1.25,895.0,1166,22.0,3,156.0,3238.0,3225.0,3270.0,3244,23,3,7.5
C52,2,180.0,30.0,90.0,120.0,1.25,895.0,1166,22.0,5,156.0,4151.0,4155.0,4319.0,4208,96,3,7.5
C52,2,180.0,30.0,90.0,120.0,1.25,895.0,1166,22.0,14,156.0,6095.0,6543.0,6207.0,6282,233,3,7.5
C52,2,180.0,30.0,90.0,120.0,1.25,895.0,1166,22.0,28,156.0,6757.0,6490.0,6429.0,6559,174,3,7.5
C53,2,150.0,60.0,90.0,120.0,1.0,895.0,1166,22.0,1,134.0,1182.0,1116.0,1081.0,1126,51,3,7.0
C53,2,150.0,60.0,90.0,120.0,1.0,895.0,1166,22.0,3,134.0,2609.0,2651.0,2636.0,2632,21,3,7.0
C53,2,150.0,60.0,90.0,120.0,1.0,895.0,1166,22.0,5,134.0,3426.0,3446.0,3785.0,3552,202,3,7.0
C53,2,150.0,60.0,90.0,120.0,1.0,895.0,1166,22.0,14,134.0,5084.0,4780.0,5457.0,5107,339,3,7.0
C53,2,150.0,60.0,90.0,120.0,1.0,895.0,1166,22.0,28,134.0,5691.0,6004.0,5344.0,5680,330,3,7.0
C54,2,150.0,30.0,120.0,120.0,1.25,895.0,1166,22.0,1,136.0,1594.0,1732.0,1698.0,1675,72,3,7.5
C54,2,150.0,30.0,120.0,120.0,1.25,895.0,1166,22.0,3,136.0,3524.0,3746.0,3561.0,3610,119,3,7.5
C54,2,150.0,30.0,120.0,120.0,1.25,895.0,1166,22.0,5,136.0,4633.0,5062.0,4647.0,4781,244,3,7.5
C54,2,150.0,30.0,120.0,120.0,1.25,895.0,1166,22.0,14,136.0,6661.0,6952.0,6473.0,6695,241,3,7.5
C54,2,150.0,30.0,120.0,120.0,1.25,895.0,1166,22.0,28,136.0,6948.0,7025.0,7364.0,7112,221,3,7.5
C55,2,245.0,0.0,105.0,154.0,0.88,845.0,1101,22.0,1,204.2,2682.5,2958.6,2845.6,2829,139,3,4.5
C55,2,245.0,0.0,105.0,154.0,0.88,845.0,1101,22.0,3,204.2,4092.5,4203.1,3923.0,4073,141,3,4.5
C55,2,245.0,0.0,105.0,154.0,0.88,845.0,1101,22.0,5,204.2,4501.9,4673.0,4718.8,4631,114,3,4.5
C55,2,245.0,0.0,105.0,154.0,0.88,845.0,1101,22.0,14,204.2,6098.6,5727.8,5778.7,5868,201,3,4.5
C55,2,245.0,0.0,105.0,154.0,0.88,845.0,1101,22.0,28,204.2,7125.1,6472.6,6463.9,6687,379,3,4.5
C56,2,210.0,30.0,60.0,131.25,0.87,895.0,1166,22.0,1,174.9,1737.1,1471.3,1517.5,1575,142,3,6.0
C56,2,210.0,30.0,60.0,131.25,0.87,895.0,1166,22.0,3,174.9,3045.3,3108.2,2966.5,3040,71,3,6.0
C56,2,210.0,30.0,60.0,131.25,0.87,895.0,1166,22.0,5,174.9,3415.3,3292.0,3351.7,3353,62,3,6.0
C56,2,210.0,30.0,60.0,131.25,0.87,895.0,1166,22.0,14,174.9,4489.6,4758.6,5079.3,4776,295,3,6.0
C56,2,210.0,30.0,60.0,131.25,0.87,895.0,1166,22.0,28,174.9,6086.7,5683.2,6135.2,5968,248,3,6.0
C57,2,180.0,30.0,90.0,131.25,0.87,895.0,1166,22.0,1,154.6,1802.4,1928.1,1916.2,1882,69,3,4.5
C57,2,180.0,30.0,90.0,131.25,0.87,895.0,1166,22.0,3,154.6,2420.7,2576.6,2521.7,2506,79,3,4.5
C57,2,180.0,30.0,90.0,131.25,0.87,895.0,1166,22.0,5,154.6,2957.8,3351.7,2891.0,3067,249,3,4.5
C57,2,180.0,30.0,90.0,131.25,0.87,895.0,1166,22.0,14,154.6,4090.9,4476.1,4699.7,4422,308,3,4.5
C57,2,180.0,30.0,90.0,131.25,0.87,895.0,1166,22.0,28,154.6,5575.0,5579.0,5314.8,5490,151,3,4.5
C58,2,180.0,30.0,90.0,120.0,0.87,912.0,1179,22.0,1,154.7,1465.0,1512.7,1403.7,1460,55,3,6.0
C58,2,180.0,30.0,90.0,120.0,0.87,912.0,1179,22.0,3,154.7,3167.9,3065.2,3111.4,3115,51,3,6.0
C58,2,180.0,30.0,90.0,120.0,0.87,912.0,1179,22.0,5,154.7,4083.0,4369.4,3867.3,4107,252,3,6.0
C58,2,180.0,30.0,90.0,120.0,0.87,912.0,1179,22.0,14,154.7,5614.8,5382.4,5350.6,5449,144,3,6.0
C58,2,180.0,30.0,90.0,120.0,0.87,912.0,1179,22.0,28,154.7,6560.9,6514.8,6200.5,6425,196,3,6.0
C59,2,245.0,35.0,70.0,154.0,0.69,845.0,1101,22.0,1,201.7,1562.1,1584.3,1632.9,1593,36,3,9.5
C59,2,245.0,35.0,70.0,154.0,0.69,845.0,1101,22.0,3,201.7,2816.9,2911.6,2944.3,2891,66,3,9.5
C59,2,245.0,35.0,70.0,154.0,0.69,845.0,1101,22.0,5,201.7,3541.1,3469.5,3580.9,3531,56,3,9.5
C59,2,245.0,35.0,70.0,154.0,0.69,845.0,1101,22.0,14,201.7,4775.3,4687.7,4905.8,4790,110,3,9.5
C59,2,245.0,35.0,70.0,154.0,0.69,845.0,1101,22.0,28,201.7,5769.2,5659.4,5607.6,5679,83,3,9.5
C60,2,210.0,35.0,105.0,154.0,0.69,845.0,1101,22.0,1,178.0,1225.5,1240.6,1272.4,1246,24,3,9.5
C60,2,210.0,35.0,105.0,154.0,0.69,845.0,1101,22.0,3,178.0,2691.2,2687.2,2628.4,2669,35,3,9.5
C60,2,210.0,35.0,105.0,154.0,0.69,845.0,1101,22.0,5,178.0,3421.7,3437.6,3413.8,3424,12,3,9.5
C60,2,210.0,35.0,105.0,154.0,0.69,845.0,1101,22.0,14,178.0,4503.9,4811.1,5084.8,4800,291,3,9.5
C60,2,210.0,35.0,105.0,154.0,0.69,845.0,1101,22.0,28,178.0,6424.1,5607.6,5612.4,5881,470,3,9.5
C61,2,210.0,35.0,105.0,140.0,0.69,865.0,1117,22.0,1,178.1,1321.7,1418.8,1441.9,1394,64,3,7.5
C61,2,210.0,35.0,105.0,140.0,0.69,865.0,1117,22.0,3,178.1,2365.4,2438.2,2480.3,2428,58,3,7.5
C61,2,210.0,35.0,105.0,140.0,0.69,865.0,1117,22.0,5,178.1,3409.0,3457.5,3518.8,3462,55,3,7.5
C61,2,210.0,35.0,105.0,140.0,0.69,865.0,1117,22.0,14,178.1,5536.8,5555.1,5306.8,5466,138,3,7.5
C61,2,210.0,35.0,105.0,140.0,0.69,865.0,1117,22.0,28,178.1,6129.6,5766.8,5890.1,5929,184,3,7.5
C62,2,165.0,186.0,0.0,140.0,0.0,845.0,1101,22.0,1,137.0,866.0,894.0,952.0,904,44,3,
C62,2,165.0,186.0,0.0,140.0,0.0,845.0,1101,22.0,3,137.0,1886.0,1838.0,1898.0,1874,32,3,
C62,2,165.0,186.0,0.0,140.0,0.0,845.0,1101,22.0,5,137.0,2012.0,2121.0,2340.0,2158,167,3,
C62,2,165.0,186.0,0.0,140.0,0.0,845.0,1101,22.0,14,137.0,2855.0,2858.0,2903.0,2872,27,3,
C62,2,165.0,186.0,0.0,140.0,0.0,845.0,1101,22.0,28,137.0,3702.0,3710.0,4017.0,3810,180,3,
C63,2,210.0,0.0,140.0,140.0,0.96,845.0,1101,22.0,1,181.0,1973.0,2002.0,2107.0,2027,71,3,
C63,2,210.0,0.0,140.0,140.0,0.96,845.0,1101,22.0,3,181.0,3297.0,3565.0,3581.0,3481,160,3,
C63,2,210.0,0.0,140.0,140.0,0.96,845.0,1101,22.0,5,181.0,4051.0,4782.0,4570.0,4468,376,3,
C63,2,210.0,0.0,140.0,140.0,0.96,845.0,1101,22.0,14,181.0,5315.0,5679.0,5951.0,5648,319,3,
C63,2,210.0,0.0,140.0,140.0,0.96,845.0,1101,22.0,28,181.0,6405.0,6463.0,6504.0,6457,50,3,
C64,2,305.0,0.0,46.0,140.0,0.55,845.0,1101,22.0,1,243.0,3119.0,3304.0,3749.0,3391,324,3,
C64,2,305.0,0.0,46.0,140.0,0.55,845.0,1101,22.0,3,243.0,4646.0,4898.0,5215.0,4920,285,3,
C64,2,305.0,0.0,46.0,140.0,0.55,845.0,1101,22.0,5,243.0,5001.0,5456.0,5367.0,5275,241,3,
C64,2,305.0,0.0,46.0,140.0,0.55,845.0,1101,22.0,14,243.0,6755.0,6799.0,7007.0,6854,135,3,
C64,2,305.0,0.0,46.0,140.0,0.55,845.0,1101,22.0,28,243.0,7126.0,7131.0,7154.0,7137,15,3,
C65,2,95.0,0.0,256.0,140.0,0.55,845.0,1101,22.0,1,101.0,799.0,839.0,875.0,838,38,3,
C65,2,95.0,0.0,256.0,140.0,0.55,845.0,1101,22.0,3,101.0,2395.0,2404.0,1877.0,2225,302,3,
C65,2,95.0,0.0,256.0,140.0,0.55,845.0,1101,22.0,5,101.0,2975.0,2998.0,3088.0,3020,60,3,
C65,2,95.0,0.0,256.0,140.0,0.55,845.0,1101,22.0,14,101.0,4446.0,4521.0,4548.0,4505,53,3,
C65,2,95.0,0.0,256.0,140.0,0.55,845.0,1101,22.0,28,101.0,4852.0,4893.0,4961.0,4902,55,3,
C66,2,105.0,21.0,224.0,166.0,0.0,845.0,1101,22.0,1,105.0,609.0,610.0,614.0,611,3,3,
C66,2,105.0,21.0,224.0,166.0,0.0,845.0,1101,22.0,3,105.0,1538.0,1602.0,1732.0,1624,99,3,
C66,2,105.0,21.0,224.0,166.0,0.0,845.0,1101,22.0,5,105.0,2161.0,2174.0,2471.0,2269,175,3,
C66,2,105.0,21.0,224.0,166.0,0.0,845.0,1101,22.0,14,105.0,3366.0,3479.0,3565.0,3470,100,3,
C66,2,105.0,21.0,224.0,166.0,0.0,845.0,1101,22.0,28,105.0,4019.0,4081.0,4091.0,4064,39,3,
C67,2,126.0,35.0,189.0,140.0,0.55,845.0,1101,22.0,1,121.0,1120.0,1154.0,1260.0,1178,73,3,
C67,2,126.0,35.0,189.0,140.0,0.55,845.0,1101,22.0,3,121.0,2256.0,2476.0,2663.0,2465,204,3,
C67,2,126.0,35.0,189.0,140.0,0.55,845.0,1101,22.0,5,121.0,3044.0,3189.0,3362.0,3198,159,3,
C67,2,126.0,35.0,189.0,140.0,0.55,845.0,1101,22.0,14,121.0,4688.0,4847.0,5183.0,4906,253,3,
C67,2,126.0,35.0,189.0,140.0,0.55,845.0,1101,22.0,28,121.0,5727.0,5746.0,5774.0,5749,24,3,
C68,2,63.0,56.0,231.0,140.0,0.55,845.0,1101,22.0,1,77.0,414.0,466.0,511.0,464,49,3,
C68,2,63.0,56.0,231.0,140.0,0.55,845.0,1101,22.0,3,77.0,1524.0,1607.0,1684.0,1605,80,3,
C68,2,63.0,56.0,231.0,140.0,0.55,845.0,1101,22.0,5,77.0,2317.0,2410.0,2514.0,2414,99,3,
C68,2,63.0,56.0,231.0,140.0,0.55,845.0,1101,22.0,14,77.0,3465.0,3606.0,3665.0,3579,103,3,
C68,2,63.0,56.0,231.0,140.0,0.55,845.0,1101,22.0,28,77.0,4223.0,4245.0,4410.0,4293,102,3,
C69,2,95.0,67.0,189.0,140.0,0.41,845.0,1101,22.0,1,97.0,666.0,698.0,764.0,709,50,3,
C69,2,95.0,67.0,189.0,140.0,0.41,845.0,1101,22.0,3,97.0,1671.0,1789.0,1841.0,1767,87,3,
C69,2,95.0,67.0,189.0,140.0,0.41,845.0,1101,22.0,5,97.0,2496.0,2547.0,2668.0,2570,88,3,
C69,2,95.0,67.0,189.0,140.0,0.41,845.0,1101,22.0,14,97.0,3613.0,3769.0,3941.0,3774,164,3,
C69,2,95.0,67.0,189.0,140.0,0.41,845.0,1101,22.0,28,97.0,4958.0,4973.0,5025.0,4985,35,3,
C70,2,130.0,154.0,67.0,140.0,0.0,845.0,1101,22.0,1,115.0,468.0,513.0,525.0,502,30,3,
C70,2,130.0,154.0,67.0,140.0,0.0,845.0,1101,22.0,3,115.0,892.0,940.0,997.0,943,53,3,
C70,2,130.0,154.0,67.0,140.0,0.0,845.0,1101,22.0,5,115.0,1293.0,1389.0,1412.0,1365,63,3,
C70,2,130.0,154.0,67.0,140.0,0.0,845.0,1101,22.0,14,115.0,2315.0,2379.0,2386.0,2360,39,3,
C70,2,130.0,154.0,67.0,140.0,0.0,845.0,1101,22.0,28,115.0,3154.0,3434.0,3460.0,3349,170,3,
C71,2,81.0,144.0,126.0,140.0,0.0,845.0,1101,22.0,1,82.0,493.0,512.0,516.0,507,12,3,
C71,2,81.0,144.0,126.0,140.0,0.0,845.0,1101,22.0,3,82.0,1186.0,1223.0,1240.0,1216,28,3,
C71,2,81.0,144.0,126.0,140.0,0.0,845.0,1101,22.0,5,82.0,1921.0,1923.0,1969.0,1938,27,3,
C71,2,81.0,144.0,126.0,140.0,0.0,845.0,1101,22.0,14,82.0,2893.0,3050.0,3253.0,3065,180,3,
C71,2,81.0,144.0,126.0,140.0,0.0,845.0,1101,22.0,28,82.0,3582.0,3659.0,3925.0,3722,180,3,
C72,2,70.0,235.0,46.0,140.0,0.0,845.0,1101,22.0,1,70.0,321.0,329.0,341.0,330,10,3,
C72,2,70.0,235.0,46.0,140.0,0.0,845.0,1101,22.0,3,70.0,620.0,656.0,661.0,646,22,3,
C72,2,70.0,235.0,46.0,140.0,0.0,845.0,1101,22.0,5,70.0,964.0,978.0,980.0,974,9,3,
C72,2,70.0,235.0,46.0,140.0,0.0,845.0,1101,22.0,14,70.0,1911.0,1954.0,2160.0,2008,133,3,
C72,2,70.0,235.0,46.0,140.0,0.0,845.0,1101,22.0,28,70.0,2606.0,2648.0,2694.0,2649,44,3,
C73,2,116.0,196.0,39.0,140.0,0.0,845.0,1101,22.0,1,103.0,736.0,769.0,852.0,786,60,3,
C73,2,116.0,196.0,39.0,140.0,0.0,845.0,1101,22.0,3,103.0,1163.0,1178.0,1306.0,1216,79,3,
C73,2,116.0,196.0,39.0,140.0,0.0,845.0,1101,22.0,5,103.0,1572.0,1677.0,1677.0,1642,61,3,
C73,2,116.0,196.0,39.0,140.0,0.0,845.0,1101,22.0,14,103.0,2862.0,2869.0,2992.0,2908,73,3,
C73,2,116.0,196.0,39.0,140.0,0.0,845.0,1101,22.0,28,103.0,3627.0,3622.0,3801.0,3683,102,3,
C74,2,81.0,186.0,84.0,140.0,0.0,845.0,1101,22.0,1,80.0,507.0,520.0,531.0,519,12,3,
C74,2,81.0,186.0,84.0,140.0,0.0,845.0,1101,22.0,3,80.0,869.0,933.0,1042.0,948,87,3,
C74,2,81.0,186.0,84.0,140.0,0.0,845.0,1101,22.0,5,80.0,1336.0,1400.0,1478.0,1405,71,3,
C74,2,81.0,186.0,84.0,140.0,0.0,845.0,1101,22.0,14,80.0,2936.0,3018.0,3037.0,2997,54,3,
C74,2,81.0,186.0,84.0,140.0,0.0,845.0,1101,22.0,28,80.0,3680.0,3758.0,3789.0,3742,56,3,
C75,2,147.0,172.0,32.0,140.0,0.0,845.0,1101,22.0,1,125.0,1030.0,1089.0,1182.0,1100,77,3,
C75,2,147.0,172.0,32.0,140.0,0.0,845.0,1101,22.0,3,125.0,1482.0,1607.0,1661.0,1583,92,3,
C75,2,147.0,172.0,32.0,140.0,0.0,845.0,1101,22.0,5,125.0,1913.0,2052.0,2255.0,2073,172,3,
C75,2,147.0,172.0,32.0,140.0,0.0,845.0,1101,22.0,14,125.0,3173.0,3246.0,3309.0,3243,68,3,
C75,2,147.0,172.0,32.0,140.0,0.0,845.0,1101,22.0,28,125.0,4006.0,4057.0,4138.0,4067,67,3,
C76,2,175.0,140.0,35.0,140.0,0.0,845.0,1101,22.0,1,146.0,1319.0,1364.0,1381.0,1355,32,3,
C76,2,175.0,140.0,35.0,140.0,0.0,845.0,1101,22.0,3,146.0,1899.0,1922.0,1972.0,1931,37,3,
C76,2,175.0,140.0,35.0,140.0,0.0,845.0,1101,22.0,5,146.0,2461.0,2565.0,2656.0,2561,98,3,
C76,2,175.0,140.0,35.0,140.0,0.0,845.0,1101,22.0,14,146.0,3562.0,3863.0,3890.0,3772,182,3,
C76,2,175.0,140.0,35.0,140.0,0.0,845.0,1101,22.0,28,146.0,4393.0,4411.0,4455.0,4420,32,3,
C77,2,158.0,133.0,60.0,140.0,0.0,845.0,1101,22.0,1,135.0,1338.0,1389.0,1537.0,1421,103,3,
C77,2,158.0,133.0,60.0,140.0,0.0,845.0,1101,22.0,3,135.0,2046.0,2282.0,2292.0,2207,139,3,
C77,2,158.0,133.0,60.0,140.0,0.0,845.0,1101,22.0,5,135.0,2461.0,2506.0,2931.0,2633,259,3,
C77,2,158.0,133.0,60.0,140.0,0.0,845.0,1101,22.0,14,135.0,4069.0,4124.0,4163.0,4119,47,3,
C77,2,158.0,133.0,60.0,140.0,0.0,845.0,1101,22.0,28,135.0,4710.0,4957.0,5006.0,4891,159,3,
C78,2,70.0,21.0,259.0,140.0,0.55,845.0,1101,22.0,1,83.0,349.0,361.0,369.0,360,10,3,
C78,2,70.0,21.0,259.0,140.0,0.55,845.0,1101,22.0,3,83.0,1784.0,1867.0,2103.0,1918,166,3,
C78,2,70.0,21.0,259.0,140.0,0.55,845.0,1101,22.0,5,83.0,2797.0,2919.0,3191.0,2969,202,3,
C78,2,70.0,21.0,259.0,140.0,0.55,845.0,1101,22.0,14,83.0,3821.0,4088.0,4096.0,4002,157,3,
C78,2,70.0,21.0,259.0,140.0,0.55,845.0,1101,22.0,28,83.0,4657.0,4681.0,4906.0,4748,137,3,
C79,2,161.0,88.0,102.0,140.0,0.0,845.0,1101,22.0,1,140.0,962.0,1061.0,1180.0,1068,109,3,
C79,2,161.0,88.0,102.0,140.0,0.0,845.0,1101,22.0,3,140.0,2312.0,2333.0,2549.0,2398,131,3,
C79,2,161.0,88.0,102.0,140.0,0.0,845.0,1101,22.0,5,140.0,3007.0,3097.0,3274.0,3126,136,3,
C79,2,161.0,88.0,102.0,140.0,0.0,845.0,1101,22.0,14,140.0,4523.0,4762.0,4784.0,4690,145,3,
C79,2,161.0,88.0,102.0,140.0,0.0,845.0,1101,22.0,28,140.0,4790.0,4887.0,5324.0,5000,284,3,
C80,2,137.0,123.0,91.0,140.0,0.0,845.0,1101,22.0,1,121.0,735.0,769.0,836.0,780,51,3,
C80,2,137.0,123.0,91.0,140.0,0.0,845.0,1101,22.0,3,121.0,1766.0,1845.0,1940.0,1850,87,3,
C80,2,137.0,123.0,91.0,140.0,0.0,845.0,1101,22.0,5,121.0,2377.0,2639.0,2640.0,2552,152,3,
C80,2,137.0,123.0,91.0,140.0,0.0,845.0,1101,22.0,14,121.0,3875.0,4155.0,4185.0,4072,171,3,
C80,2,137.0,123.0,91.0,140.0,0.0,845.0,1101,22.0,28,121.0,5007.0,5047.0,5183.0,5079,92,3,
