Mix Name,Mortar or Concrete,Material Source,Binder (kg/m3),Cement (kg/m3),Fly Ash (kg/m3),Slag (kg/m3),w/b,Water (kg/m3),MRWR (kg/m3),HRWR (kg/m3),HRWR (oz/cwt binder),VMA (oz/cwt),AE (oz/cwt),Fine Aggregate (kg/m3),Coarse Aggregates (kg/m3),Temp (C),Time,GWP,Strength1 (psi),Strength2 (psi),Strength3 (psi),Strength (Mean),Strength (Std),# of measurements
M1,Mortar,0,666.67,353.33,46.67,266.67,0.21,140.0,0,6.67,16.0,0,0,1833.0,0,22.0,1,321.57,5098.0,4960.0,4943.0,5000,85,3
M1,Mortar,0,666.67,353.33,46.67,266.67,0.21,140.0,0,6.67,16.0,0,0,1833.0,0,22.0,3,321.57,7018.0,7293.0,7395.0,7235,195,3
M1,Mortar,0,666.67,353.33,46.67,266.67,0.21,140.0,0,6.67,16.0,0,0,1833.0,0,22.0,5,321.57,7498.0,7438.0,7018.0,7318,262,3
M1,Mortar,0,666.67,353.33,46.67,266.67,0.21,140.0,0,6.67,16.0,0,0,1833.0,0,22.0,28,321.57,,10348.0,11370.0,10859,723,2
M2,Mortar,0,666.67,214.67,220.0,232.0,0.24,159.0,0,4.0,10.0,0,0,1833.0,0,22.0,1,209.2,3295.0,3475.0,3550.0,3440,131,3
M2,Mortar,0,666.67,214.67,220.0,232.0,0.24,159.0,0,4.0,10.0,0,0,1833.0,0,22.0,3,209.2,,4810.0,4300.0,4555,361,2
M2,Mortar,0,666.67,214.67,220.0,232.0,0.24,159.0,0,4.0,10.0,0,0,1833.0,0,22.0,5,209.2,4885.0,,4375.0,4630,361,2
M2,Mortar,0,666.67,214.67,220.0,232.0,0.24,159.0,0,4.0,10.0,0,0,1833.0,0,22.0,28,209.2,5708.0,,5765.0,5737,40,2
M3,Mortar,0,666.67,344.0,178.67,144.0,0.45,299.0,0,0.0,0.0,0,0,1833.0,0,22.0,1,284.69,1380.0,1478.0,1660.0,1506,142,3
M3,Mortar,0,666.67,344.0,178.67,144.0,0.45,299.0,0,0.0,0.0,0,0,1833.0,0,22.0,3,284.69,2993.0,2883.0,2878.0,2918,65,3
M3,Mortar,0,666.67,344.0,178.67,144.0,0.45,299.0,0,0.0,0.0,0,0,1833.0,0,22.0,5,284.69,3355.0,3698.0,3858.0,3637,257,3
M3,Mortar,0,666.67,344.0,178.67,144.0,0.45,299.0,0,0.0,0.0,0,0,1833.0,0,22.0,28,284.69,6713.0,6593.0,,6653,85,2
M4,Mortar,0,666.67,212.0,214.67,240.0,0.26,175.0,0,0.0,0.0,0,0,1833.0,0,22.0,1,194.01,2883.0,3278.0,3183.0,3115,206,3
M4,Mortar,0,666.67,212.0,214.67,240.0,0.26,175.0,0,0.0,0.0,0,0,1833.0,0,22.0,3,194.01,4098.0,4013.0,4730.0,4280,392,3
M4,Mortar,0,666.67,212.0,214.67,240.0,0.26,175.0,0,0.0,0.0,0,0,1833.0,0,22.0,5,194.01,4275.0,4013.0,4635.0,4308,312,3
M4,Mortar,0,666.67,212.0,214.67,240.0,0.26,175.0,0,0.0,0.0,0,0,1833.0,0,22.0,28,194.01,,4480.0,4870.0,4675,276,2
M5,Mortar,0,666.67,317.33,221.33,128.0,0.35,233.0,0,0.0,0.0,0,0,1833.0,0,22.0,1,263.93,,2885.0,2595.0,2740,205,2
M5,Mortar,0,666.67,317.33,221.33,128.0,0.35,233.0,0,0.0,0.0,0,0,1833.0,0,22.0,3,263.93,4238.0,4720.0,3983.0,4314,374,3
M5,Mortar,0,666.67,317.33,221.33,128.0,0.35,233.0,0,0.0,0.0,0,0,1833.0,0,22.0,5,263.93,4448.0,4485.0,4353.0,4429,68,3
M5,Mortar,0,666.67,317.33,221.33,128.0,0.35,233.0,0,0.0,0.0,0,0,1833.0,0,22.0,28,263.93,7897.0,8520.0,7273.0,7897,624,3
M6,Mortar,0,666.67,454.67,158.67,53.33,0.23,155.0,0,4.0,10.0,0,0,1833.0,0,22.0,1,375.06,6978.0,6285.0,,6632,490,2
M6,Mortar,0,666.67,454.67,158.67,53.33,0.23,155.0,0,4.0,10.0,0,0,1833.0,0,22.0,3,375.06,7558.0,7605.0,6743.0,7302,485,3
M6,Mortar,0,666.67,454.67,158.67,53.33,0.23,155.0,0,4.0,10.0,0,0,1833.0,0,22.0,28,375.06,8515.0,8603.0,9970.0,9029,816,3
M7,Mortar,0,666.67,436.0,33.33,197.33,0.38,256.0,0,0.0,0.0,0,0,1833.0,0,22.0,1,355.1,3225.0,3570.0,3438.0,3411,174,3
M7,Mortar,0,666.67,436.0,33.33,197.33,0.38,256.0,0,0.0,0.0,0,0,1833.0,0,22.0,3,355.1,5143.0,5250.0,4630.0,5008,331,3
M7,Mortar,0,666.67,436.0,33.33,197.33,0.38,256.0,0,0.0,0.0,0,0,1833.0,0,22.0,5,355.1,5525.0,5185.0,5213.0,5308,189,3
M7,Mortar,0,666.67,436.0,33.33,197.33,0.38,256.0,0,0.0,0.0,0,0,1833.0,0,22.0,28,355.1,6178.0,6813.0,6950.0,6647,412,3
M8,Mortar,0,666.67,318.67,52.0,296.0,0.48,317.0,0,0.0,0.0,0,0,1833.0,0,22.0,1,274.84,1608.0,1725.0,1645.0,1659,60,3
M8,Mortar,0,666.67,318.67,52.0,296.0,0.48,317.0,0,0.0,0.0,0,0,1833.0,0,22.0,3,274.84,2985.0,2683.0,3013.0,2894,183,3
M8,Mortar,0,666.67,318.67,52.0,296.0,0.48,317.0,0,0.0,0.0,0,0,1833.0,0,22.0,5,274.84,3555.0,3638.0,3978.0,3724,224,3
M8,Mortar,0,666.67,318.67,52.0,296.0,0.48,317.0,0,0.0,0.0,0,0,1833.0,0,22.0,28,274.84,6170.0,5340.0,5848.0,5786,418,3
M9,Mortar,0,666.67,265.33,164.0,237.33,0.28,185.0,0,1.33,3.0,0,0,1833.0,0,22.0,1,237.52,3708.0,3393.0,3495.0,3532,161,3
M9,Mortar,0,666.67,265.33,164.0,237.33,0.28,185.0,0,1.33,3.0,0,0,1833.0,0,22.0,3,237.52,5048.0,5460.0,5060.0,5189,234,3
M9,Mortar,0,666.67,265.33,164.0,237.33,0.28,185.0,0,1.33,3.0,0,0,1833.0,0,22.0,5,237.52,5503.0,5463.0,5738.0,5568,149,3
M9,Mortar,0,666.67,265.33,164.0,237.33,0.28,185.0,0,1.33,3.0,0,0,1833.0,0,22.0,28,237.52,8333.0,8598.0,9125.0,8685,403,3
M10,Mortar,0,666.67,529.6,0.0,137.07,0.41,276.0,0,0.0,0.0,0,0,1833.0,0,22.0,1,420.58,2995.0,3173.0,,3084,126,2
M10,Mortar,0,666.67,529.6,0.0,137.07,0.41,276.0,0,0.0,0.0,0,0,1833.0,0,22.0,3,420.58,4273.0,4355.0,4673.0,4434,211,3
M10,Mortar,0,666.67,529.6,0.0,137.07,0.41,276.0,0,0.0,0.0,0,0,1833.0,0,22.0,5,420.58,4870.0,,5355.0,5113,343,2
M10,Mortar,0,666.67,529.6,0.0,137.07,0.41,276.0,0,0.0,0.0,0,0,1833.0,0,22.0,28,420.58,6993.0,6993.0,6038.0,6675,551,3
M11,Mortar,0,666.67,503.07,163.6,0.0,0.36,237.0,0,0.0,0.0,0,0,1833.0,0,22.0,1,393.12,4123.0,4270.0,3925.0,4106,173,3
M11,Mortar,0,666.67,503.07,163.6,0.0,0.36,237.0,0,0.0,0.0,0,0,1833.0,0,22.0,3,393.12,5088.0,5183.0,4975.0,5082,104,3
M11,Mortar,0,666.67,503.07,163.6,0.0,0.36,237.0,0,0.0,0.0,0,0,1833.0,0,22.0,5,393.12,,5950.0,6328.0,6139,267,2
M11,Mortar,0,666.67,503.07,163.6,0.0,0.36,237.0,0,0.0,0.0,0,0,1833.0,0,22.0,28,393.12,6465.0,,7140.0,6803,477,2
M12,Mortar,0,666.67,495.2,0.0,171.47,0.45,297.0,0,0.0,0.0,0,0,1833.0,0,22.0,1,396.8,3025.0,3180.0,2975.0,3060,107,3
M12,Mortar,0,666.67,495.2,0.0,171.47,0.45,297.0,0,0.0,0.0,0,0,1833.0,0,22.0,3,396.8,4025.0,4193.0,4193.0,4137,97,3
M12,Mortar,0,666.67,495.2,0.0,171.47,0.45,297.0,0,0.0,0.0,0,0,1833.0,0,22.0,5,396.8,4920.0,4313.0,4785.0,4673,319,3
M12,Mortar,0,666.67,495.2,0.0,171.47,0.45,297.0,0,0.0,0.0,0,0,1833.0,0,22.0,28,396.8,,6533.0,7080.0,6807,387,2
M13,Mortar,0,666.67,553.87,112.8,0.0,0.35,235.0,0,0.0,0.0,0,0,1833.0,0,22.0,1,430.5,4555.0,4025.0,4625.0,4402,328,3
M13,Mortar,0,666.67,553.87,112.8,0.0,0.35,235.0,0,0.0,0.0,0,0,1833.0,0,22.0,3,430.5,5690.0,5878.0,5450.0,5673,215,3
M13,Mortar,0,666.67,553.87,112.8,0.0,0.35,235.0,0,0.0,0.0,0,0,1833.0,0,22.0,5,430.5,6013.0,6508.0,5783.0,6101,370,3
M13,Mortar,0,666.67,553.87,112.8,0.0,0.35,235.0,0,0.0,0.0,0,0,1833.0,0,22.0,28,430.5,8243.0,6973.0,7763.0,7660,641,3
M14,Mortar,0,666.67,333.6,0.0,333.07,0.4,265.0,0,0.0,0.0,0,0,1833.0,0,22.0,1,287.9,2320.0,2510.0,2065.0,2298,223,3
M14,Mortar,0,666.67,333.6,0.0,333.07,0.4,265.0,0,0.0,0.0,0,0,1833.0,0,22.0,3,287.9,4090.0,4060.0,4320.0,4157,142,3
M14,Mortar,0,666.67,333.6,0.0,333.07,0.4,265.0,0,0.0,0.0,0,0,1833.0,0,22.0,5,287.9,5055.0,5255.0,5070.0,5127,111,3
M14,Mortar,0,666.67,333.6,0.0,333.07,0.4,265.0,0,0.0,0.0,0,0,1833.0,0,22.0,28,287.9,7520.0,7213.0,7570.0,7434,193,3
M15,Mortar,0,666.67,466.67,0.0,200.0,0.2,133.0,0,8.67,21.0,0,0,1833.0,0,22.0,1,408.54,9095.0,8013.0,,8554,765,2
M15,Mortar,0,666.67,466.67,0.0,200.0,0.2,133.0,0,8.67,21.0,0,0,1833.0,0,22.0,3,408.54,10043.0,,9930.0,9987,80,2
M15,Mortar,0,666.67,466.67,0.0,200.0,0.2,133.0,0,8.67,21.0,0,0,1833.0,0,22.0,28,408.54,,11638.0,12075.0,11857,309,2
M16,Mortar,0,666.67,411.6,29.07,226.0,0.2,133.0,0,8.67,21.0,0,0,1833.0,0,22.0,1,369.69,6590.0,5788.0,5768.0,6049,469,3
M16,Mortar,0,666.67,411.6,29.07,226.0,0.2,133.0,0,8.67,21.0,0,0,1833.0,0,22.0,3,369.69,6700.0,,7375.0,7038,477,2
M16,Mortar,0,666.67,411.6,29.07,226.0,0.2,133.0,0,8.67,21.0,0,0,1833.0,0,22.0,5,369.69,6843.0,,7298.0,7071,322,2
M16,Mortar,0,666.67,411.6,29.07,226.0,0.2,133.0,0,8.67,21.0,0,0,1833.0,0,22.0,28,369.69,,11615.0,10238.0,10927,974,2
M17,Mortar,0,666.67,362.93,42.93,260.8,0.2,133.0,0,8.67,21.0,0,0,1833.0,0,22.0,1,335.74,6295.0,6695.0,6115.0,6368,297,3
M17,Mortar,0,666.67,362.93,42.93,260.8,0.2,133.0,0,8.67,21.0,0,0,1833.0,0,22.0,3,335.74,8170.0,9558.0,8810.0,8846,695,3
M17,Mortar,0,666.67,362.93,42.93,260.8,0.2,133.0,0,8.67,21.0,0,0,1833.0,0,22.0,5,335.74,9498.0,10913.0,10595.0,10335,742,3
M17,Mortar,0,666.67,362.93,42.93,260.8,0.2,133.0,0,8.67,21.0,0,0,1833.0,0,22.0,28,335.74,10175.0,10438.0,10438.0,10350,152,3
M18,Mortar,0,666.67,277.47,118.0,271.2,0.2,133.0,0,8.67,21.0,0,0,1833.0,0,22.0,1,273.23,,4885.0,4423.0,4654,327,2
M18,Mortar,0,666.67,277.47,118.0,271.2,0.2,133.0,0,8.67,21.0,0,0,1833.0,0,22.0,3,273.23,7880.0,7405.0,7278.0,7521,317,3
M18,Mortar,0,666.67,277.47,118.0,271.2,0.2,133.0,0,8.67,21.0,0,0,1833.0,0,22.0,5,273.23,8435.0,9195.0,,8815,537,2
M18,Mortar,0,666.67,277.47,118.0,271.2,0.2,133.0,0,8.67,21.0,0,0,1833.0,0,22.0,28,273.23,11263.0,10743.0,11590.0,11199,427,3
M19,Mortar,0,666.67,200.67,172.53,293.47,0.25,167.0,0,3.33,8.0,0,0,1833.0,0,22.0,1,200.1,3035.0,3063.0,3218.0,3105,99,3
M19,Mortar,0,666.67,200.67,172.53,293.47,0.25,167.0,0,3.33,8.0,0,0,1833.0,0,22.0,3,200.1,4220.0,4525.0,4653.0,4466,222,3
M19,Mortar,0,666.67,200.67,172.53,293.47,0.25,167.0,0,3.33,8.0,0,0,1833.0,0,22.0,5,200.1,5440.0,5430.0,5448.0,5439,9,3
M19,Mortar,0,666.67,200.67,172.53,293.47,0.25,167.0,0,3.33,8.0,0,0,1833.0,0,22.0,28,200.1,8695.0,,9483.0,9089,557,2
M20,Mortar,0,666.67,322.13,82.8,261.73,0.22,149.0,0,6.67,16.0,0,0,1833.0,0,22.0,1,298.65,5930.0,5988.0,5410.0,5776,318,3
M20,Mortar,0,666.67,322.13,82.8,261.73,0.22,149.0,0,6.67,16.0,0,0,1833.0,0,22.0,3,298.65,7660.0,7448.0,8348.0,7819,471,3
M20,Mortar,0,666.67,322.13,82.8,261.73,0.22,149.0,0,6.67,16.0,0,0,1833.0,0,22.0,5,298.65,9698.0,9365.0,8573.0,9212,578,3
M20,Mortar,0,666.67,322.13,82.8,261.73,0.22,149.0,0,6.67,16.0,0,0,1833.0,0,22.0,28,298.65,12980.0,11938.0,10783.0,11900,1099,3
M21,Mortar,0,666.67,293.33,73.33,300.0,0.2,133.0,0,8.67,21.0,0,0,1833.0,0,22.0,1,286.59,5008.0,4363.0,4178.0,4516,436,3
M21,Mortar,0,666.67,293.33,73.33,300.0,0.2,133.0,0,8.67,21.0,0,0,1833.0,0,22.0,3,286.59,8050.0,8063.0,7695.0,7936,209,3
M21,Mortar,0,666.67,293.33,73.33,300.0,0.2,133.0,0,8.67,21.0,0,0,1833.0,0,22.0,5,286.59,7720.0,8790.0,8323.0,8278,536,3
M21,Mortar,0,666.67,293.33,73.33,300.0,0.2,133.0,0,8.67,21.0,0,0,1833.0,0,22.0,28,286.59,,9043.0,9835.0,9439,560,2
M22,Mortar,0,666.67,229.33,137.33,300.0,0.2,133.0,0,8.67,21.0,0,0,1833.0,0,22.0,1,239.68,4093.0,,3960.0,4027,94,2
M22,Mortar,0,666.67,229.33,137.33,300.0,0.2,133.0,0,8.67,21.0,0,0,1833.0,0,22.0,3,239.68,,6770.0,6333.0,6552,309,2
M22,Mortar,0,666.67,229.33,137.33,300.0,0.2,133.0,0,8.67,21.0,0,0,1833.0,0,22.0,5,239.68,9653.0,,8675.0,9164,692,2
M22,Mortar,0,666.67,229.33,137.33,300.0,0.2,133.0,0,8.67,21.0,0,0,1833.0,0,22.0,28,239.68,9815.0,9045.0,8818.0,9226,523,3
M23,Mortar,0,666.67,395.33,45.2,226.13,0.2,133.0,0,8.67,21.0,0,0,1833.0,0,22.0,1,357.2,5943.0,6130.0,,6037,132,2
M23,Mortar,0,666.67,395.33,45.2,226.13,0.2,133.0,0,8.67,21.0,0,0,1833.0,0,22.0,3,357.2,8210.0,7508.0,7693.0,7804,364,3
M23,Mortar,0,666.67,395.33,45.2,226.13,0.2,133.0,0,8.67,21.0,0,0,1833.0,0,22.0,5,357.2,8550.0,9833.0,8443.0,8942,773,3
M23,Mortar,0,666.67,395.33,45.2,226.13,0.2,133.0,0,8.67,21.0,0,0,1833.0,0,22.0,28,357.2,8785.0,10105.0,10198.0,9696,790,3
M24,Mortar,0,666.67,305.07,125.87,235.73,0.2,133.0,0,8.67,21.0,0,0,1833.0,0,22.0,1,291.83,4785.0,5168.0,4665.0,4873,263,3
M24,Mortar,0,666.67,305.07,125.87,235.73,0.2,133.0,0,8.67,21.0,0,0,1833.0,0,22.0,3,291.83,7378.0,7978.0,7203.0,7520,406,3
M24,Mortar,0,666.67,305.07,125.87,235.73,0.2,133.0,0,8.67,21.0,0,0,1833.0,0,22.0,5,291.83,,8468.0,8468.0,8468,0,2
M24,Mortar,0,666.67,305.07,125.87,235.73,0.2,133.0,0,8.67,21.0,0,0,1833.0,0,22.0,28,291.83,9650.0,10795.0,10470.0,10305,590,3
M25,Mortar,0,666.67,408.13,108.53,150.0,0.21,139.0,0,8.67,21.0,0,0,1833.0,0,22.0,1,362.5,5460.0,4763.0,5503.0,5242,415,3
M25,Mortar,0,666.67,408.13,108.53,150.0,0.21,139.0,0,8.67,21.0,0,0,1833.0,0,22.0,3,362.5,6930.0,6910.0,6733.0,6858,108,3
M25,Mortar,0,666.67,408.13,108.53,150.0,0.21,139.0,0,8.67,21.0,0,0,1833.0,0,22.0,5,362.5,,8465.0,7450.0,7958,718,2
M25,Mortar,0,666.67,408.13,108.53,150.0,0.21,139.0,0,8.67,21.0,0,0,1833.0,0,22.0,28,362.5,,8720.0,7783.0,8252,663,2
M26,Mortar,0,666.67,340.8,101.07,224.8,0.2,133.0,0,8.67,21.0,0,0,1833.0,0,22.0,1,317.6,4793.0,5140.0,4883.0,4939,180,3
M26,Mortar,0,666.67,340.8,101.07,224.8,0.2,133.0,0,8.67,21.0,0,0,1833.0,0,22.0,3,317.6,,7700.0,7810.0,7755,78,2
M26,Mortar,0,666.67,340.8,101.07,224.8,0.2,133.0,0,8.67,21.0,0,0,1833.0,0,22.0,5,317.6,,8023.0,8020.0,8022,2,2
M26,Mortar,0,666.67,340.8,101.07,224.8,0.2,133.0,0,8.67,21.0,0,0,1833.0,0,22.0,28,317.6,9630.0,9683.0,,9657,37,2
M27,Mortar,0,533.47,272.67,80.93,179.87,0.25,133.0,0,8.67,26.0,0,0,1833.0,0,22.0,1,261.38,3093.0,2825.0,3090.0,3003,154,3
M27,Mortar,0,533.47,272.67,80.93,179.87,0.25,133.0,0,8.67,26.0,0,0,1833.0,0,22.0,3,261.38,,4319.0,4781.0,4550,327,2
M27,Mortar,0,533.47,272.67,80.93,179.87,0.25,133.0,0,8.67,26.0,0,0,1833.0,0,22.0,5,261.38,,6108.0,6216.0,6162,76,2
M27,Mortar,0,533.47,272.67,80.93,179.87,0.25,133.0,0,8.67,26.0,0,0,1833.0,0,22.0,28,261.38,8388.0,7530.0,7933.0,7950,429,3
M28,Mortar,0,666.67,229.33,137.33,300.0,0.3,200.0,0,0.0,0.0,0,0,1833.0,0,22.0,1,209.07,1983.0,2235.0,2305.0,2174,169,3
M28,Mortar,0,666.67,229.33,137.33,300.0,0.3,200.0,0,0.0,0.0,0,0,1833.0,0,22.0,3,209.07,3993.0,4490.0,3730.0,4071,386,3
M28,Mortar,0,666.67,229.33,137.33,300.0,0.3,200.0,0,0.0,0.0,0,0,1833.0,0,22.0,28,209.07,9265.0,,8955.0,9110,219,2
M29,Mortar,0,666.67,229.33,300.0,137.33,0.3,200.0,0,0.0,0.0,0,0,1833.0,0,22.0,1,199.94,2075.0,2113.0,1948.0,2045,86,3
M29,Mortar,0,666.67,229.33,300.0,137.33,0.3,200.0,0,0.0,0.0,0,0,1833.0,0,22.0,5,199.94,5035.0,5485.0,,5260,318,2
M29,Mortar,0,666.67,229.33,300.0,137.33,0.3,200.0,0,0.0,0.0,0,0,1833.0,0,22.0,28,199.94,6188.0,5670.0,6578.0,6145,456,3
M30,Mortar,0,533.33,160.53,138.0,234.8,0.31,167.0,0,3.33,10.0,0,0,1967.0,0,22.0,1,162.86,1368.0,1550.0,1445.0,1454,91,3
M30,Mortar,0,533.33,160.53,138.0,234.8,0.31,167.0,0,3.33,10.0,0,0,1967.0,0,22.0,3,162.86,2835.0,2923.0,,2879,62,2
M30,Mortar,0,533.33,160.53,138.0,234.8,0.31,167.0,0,3.33,10.0,0,0,1967.0,0,22.0,5,162.86,3315.0,3423.0,3583.0,3440,135,3
M30,Mortar,0,533.33,160.53,138.0,234.8,0.31,167.0,0,3.33,10.0,0,0,1967.0,0,22.0,28,162.86,,6293.0,5725.0,6009,402,2
M31,Mortar,0,800.0,240.8,207.07,352.13,0.21,167.0,0,3.33,7.0,0,0,1700.0,0,22.0,1,236.28,3133.0,3600.0,3538.0,3424,254,3
M31,Mortar,0,800.0,240.8,207.07,352.13,0.21,167.0,0,3.33,7.0,0,0,1700.0,0,22.0,3,236.28,6715.0,6720.0,6733.0,6723,9,3
M31,Mortar,0,800.0,240.8,207.07,352.13,0.21,167.0,0,3.33,7.0,0,0,1700.0,0,22.0,5,236.28,,7670.0,7355.0,7513,223,2
M31,Mortar,0,800.0,240.8,207.07,352.13,0.21,167.0,0,3.33,7.0,0,0,1700.0,0,22.0,28,236.28,12430.0,11240.0,10400.0,11357,1020,3
M32,Mortar,0,668.0,412.0,29.33,226.67,0.2,133.0,0,8.67,21.0,0,0,1833.0,0,4.5,1,369.69,2015.0,2088.0,2130.0,2078,58,3
M32,Mortar,0,668.0,412.0,29.33,226.67,0.2,133.0,0,8.67,21.0,0,0,1833.0,0,4.5,3,369.69,6363.0,6258.0,5319.0,5980,575,3
M32,Mortar,0,668.0,412.0,29.33,226.67,0.2,133.0,0,8.67,21.0,0,0,1833.0,0,4.5,5,369.69,,7023.0,6433.0,6728,417,2
M32,Mortar,0,668.0,412.0,29.33,226.67,0.2,133.0,0,8.67,21.0,0,0,1833.0,0,4.5,28,369.69,10798.0,10044.0,9290.0,10044,754,3
M33,Mortar,0,666.67,362.67,42.67,261.33,0.2,133.0,0,8.67,21.0,0,0,1833.0,0,4.5,1,335.74,1225.0,1195.0,1170.0,1197,28,3
M33,Mortar,0,666.67,362.67,42.67,261.33,0.2,133.0,0,8.67,21.0,0,0,1833.0,0,4.5,3,335.74,4643.0,4423.0,4353.0,4473,151,3
M33,Mortar,0,666.67,362.67,42.67,261.33,0.2,133.0,0,8.67,21.0,0,0,1833.0,0,4.5,5,335.74,7015.0,6338.0,,6677,479,2
M33,Mortar,0,666.67,362.67,42.67,261.33,0.2,133.0,0,8.67,21.0,0,0,1833.0,0,4.5,28,335.74,8688.0,8130.0,,8409,395,2
M34,Mortar,0,666.67,277.33,118.67,270.67,0.2,133.0,0,8.67,21.0,0,0,1833.0,0,4.5,1,273.23,495.0,470.0,493.0,486,14,3
M34,Mortar,0,666.67,277.33,118.67,270.67,0.2,133.0,0,8.67,21.0,0,0,1833.0,0,4.5,3,273.23,2883.0,3130.0,3208.0,3074,170,3
M34,Mortar,0,666.67,277.33,118.67,270.67,0.2,133.0,0,8.67,21.0,0,0,1833.0,0,4.5,5,273.23,4625.0,4565.0,,4595,42,2
M34,Mortar,0,666.67,277.33,118.67,270.67,0.2,133.0,0,8.67,21.0,0,0,1833.0,0,4.5,28,273.23,8010.0,9015.0,8170.0,8398,540,3
M35,Mortar,0,666.67,201.33,172.0,293.33,0.25,167.0,0,3.33,8.0,0,0,1833.0,0,4.5,1,200.1,250.0,,225.0,238,18,2
M35,Mortar,0,666.67,201.33,172.0,293.33,0.25,167.0,0,3.33,8.0,0,0,1833.0,0,4.5,3,200.1,2083.0,2048.0,2065.0,2065,18,3
M35,Mortar,0,666.67,201.33,172.0,293.33,0.25,167.0,0,3.33,8.0,0,0,1833.0,0,4.5,5,200.1,2953.0,3145.0,3190.0,3096,126,3
M35,Mortar,0,666.67,201.33,172.0,293.33,0.25,167.0,0,3.33,8.0,0,0,1833.0,0,4.5,28,200.1,5118.0,,5693.0,5406,407,2
M36,Mortar,0,666.67,229.33,137.33,300.0,0.2,133.0,0,8.67,21.0,0,0,1833.0,0,4.5,1,239.68,101.0,110.0,100.0,104,6,3
M36,Mortar,0,666.67,229.33,137.33,300.0,0.2,133.0,0,8.67,21.0,0,0,1833.0,0,4.5,3,239.68,3453.0,3725.0,,3589,192,2
M36,Mortar,0,666.67,229.33,137.33,300.0,0.2,133.0,0,8.67,21.0,0,0,1833.0,0,4.5,5,239.68,4550.0,4129.0,,4340,298,2
M36,Mortar,0,666.67,229.33,137.33,300.0,0.2,133.0,0,8.67,21.0,0,0,1833.0,0,4.5,28,239.68,9745.0,9230.0,,9488,364,2
M37,Mortar,0,668.0,396.0,45.33,226.67,0.2,133.0,0,8.67,21.0,0,0,1833.0,0,4.5,1,357.2,1235.0,1250.0,1090.0,1192,88,3
M37,Mortar,0,668.0,396.0,45.33,226.67,0.2,133.0,0,8.67,21.0,0,0,1833.0,0,4.5,3,357.2,5355.0,4955.0,5595.0,5302,323,3
M37,Mortar,0,668.0,396.0,45.33,226.67,0.2,133.0,0,8.67,21.0,0,0,1833.0,0,4.5,5,357.2,7403.0,6373.0,6995.0,6924,519,3
M37,Mortar,0,668.0,396.0,45.33,226.67,0.2,133.0,0,8.67,21.0,0,0,1833.0,0,4.5,28,357.2,7668.0,7848.0,,7758,127,2
M38,Mortar,0,668.0,341.33,101.33,225.33,0.2,133.0,0,8.67,21.0,0,0,1833.0,0,4.5,1,317.6,845.0,813.0,908.0,855,48,3
M38,Mortar,0,668.0,341.33,101.33,225.33,0.2,133.0,0,8.67,21.0,0,0,1833.0,0,4.5,3,317.6,4745.0,,4963.0,4854,154,2
M38,Mortar,0,668.0,341.33,101.33,225.33,0.2,133.0,0,8.67,21.0,0,0,1833.0,0,4.5,5,317.6,6185.0,5575.0,5648.0,5803,333,3
M38,Mortar,0,668.0,341.33,101.33,225.33,0.2,133.0,0,8.67,21.0,0,0,1833.0,0,4.5,28,317.6,8738.0,9713.0,8265.0,8905,738,3
M39,Mortar,0,400.0,400.0,0.0,0.0,0.2,80.0,0,10.67,43.0,0,0,2100.0,0,22.0,1,348.19,2728.0,2325.0,2460.0,2504,205,3
M39,Mortar,0,400.0,400.0,0.0,0.0,0.2,80.0,0,10.67,43.0,0,0,2100.0,0,22.0,3,348.19,3270.0,3570.0,2970.0,3270,300,3
M39,Mortar,0,400.0,400.0,0.0,0.0,0.2,80.0,0,10.67,43.0,0,0,2100.0,0,22.0,5,348.19,3808.0,,4178.0,3993,262,2
M39,Mortar,0,400.0,400.0,0.0,0.0,0.2,80.0,0,10.67,43.0,0,0,2100.0,0,22.0,28,348.19,4185.0,,4215.0,4200,21,2
M40,Mortar,0,229.33,229.33,0.0,0.0,0.2,45.0,0,13.33,93.0,0,0,2271.0,0,22.0,1,228.71,160.0,144.0,144.0,149,9,3
M40,Mortar,0,229.33,229.33,0.0,0.0,0.2,45.0,0,13.33,93.0,0,0,2271.0,0,22.0,3,228.71,1250.0,1238.0,1353.0,1280,63,3
M40,Mortar,0,229.33,229.33,0.0,0.0,0.2,45.0,0,13.33,93.0,0,0,2271.0,0,22.0,28,228.71,1510.0,1468.0,1288.0,1422,118,3
M41,Mortar,0,209.33,122.67,32.0,54.67,0.2,43.0,0,10.67,82.0,0,0,2289.0,0,22.0,1,143.17,173.0,165.0,175.0,171,5,3
M41,Mortar,0,209.33,122.67,32.0,54.67,0.2,43.0,0,10.67,82.0,0,0,2289.0,0,22.0,3,143.17,,833.0,833.0,833,0,2
M41,Mortar,0,209.33,122.67,32.0,54.67,0.2,43.0,0,10.67,82.0,0,0,2289.0,0,22.0,28,143.17,1225.0,1145.0,1258.0,1209,58,3
M42,Mortar,0,170.67,97.33,2.67,70.67,0.48,83.0,0,10.67,100.0,0,0,2329.0,0,22.0,1,123.97,90.0,100.0,,95,7,2
M42,Mortar,0,170.67,97.33,2.67,70.67,0.48,83.0,0,10.67,100.0,0,0,2329.0,0,22.0,3,123.97,395.0,440.0,463.0,433,35,3
M42,Mortar,0,170.67,97.33,2.67,70.67,0.48,83.0,0,10.67,100.0,0,0,2329.0,0,22.0,5,123.97,505.0,,493.0,499,8,2
M42,Mortar,0,170.67,97.33,2.67,70.67,0.48,83.0,0,10.67,100.0,0,0,2329.0,0,22.0,28,123.97,985.0,1135.0,945.0,1022,100,3
M43,Mortar,0,476.0,314.67,112.0,49.33,0.24,116.0,0,10.67,36.0,0,0,2025.0,0,22.0,1,289.91,2753.0,2460.0,2740.0,2651,166,3
M43,Mortar,0,476.0,314.67,112.0,49.33,0.24,116.0,0,10.67,36.0,0,0,2025.0,0,22.0,3,289.91,4653.0,4060.0,3973.0,4229,370,3
M43,Mortar,0,476.0,314.67,112.0,49.33,0.24,116.0,0,10.67,36.0,0,0,2025.0,0,22.0,5,289.91,5315.0,5428.0,4700.0,5148,392,3
M43,Mortar,0,476.0,314.67,112.0,49.33,0.24,116.0,0,10.67,36.0,0,0,2025.0,0,22.0,28,289.91,6125.0,,6803.0,6464,479,2
M44,Mortar,0,417.33,366.67,25.33,25.33,0.2,84.0,0,10.67,41.0,0,0,2083.0,0,22.0,1,325.21,2908.0,2970.0,2983.0,2954,40,3
M44,Mortar,0,417.33,366.67,25.33,25.33,0.2,84.0,0,10.67,41.0,0,0,2083.0,0,22.0,3,325.21,,4558.0,4083.0,4321,336,2
M44,Mortar,0,417.33,366.67,25.33,25.33,0.2,84.0,0,10.67,41.0,0,0,2083.0,0,22.0,5,325.21,5205.0,5005.0,4363.0,4858,440,3
M44,Mortar,0,417.33,366.67,25.33,25.33,0.2,84.0,0,10.67,41.0,0,0,2083.0,0,22.0,28,325.21,6473.0,6028.0,5763.0,6088,359,3
M45,Mortar,0,144.0,66.67,68.0,9.33,0.31,45.0,0,13.33,148.0,0,0,2357.0,0,22.0,3,106.66,,108.0,113.0,111,4,2
M45,Mortar,0,144.0,66.67,68.0,9.33,0.31,45.0,0,13.33,148.0,0,0,2357.0,0,22.0,5,106.66,293.0,240.0,273.0,269,27,3
M45,Mortar,0,144.0,66.67,68.0,9.33,0.31,45.0,0,13.33,148.0,0,0,2357.0,0,22.0,28,106.66,450.0,,510.0,480,42,2
M46,Mortar,0,498.67,498.67,0.0,0.0,0.2,100.0,0,10.67,34.0,0,0,2001.0,0,22.0,1,422.64,5520.0,5553.0,,5537,23,2
M46,Mortar,0,498.67,498.67,0.0,0.0,0.2,100.0,0,10.67,34.0,0,0,2001.0,0,22.0,3,422.64,6933.0,6390.0,6908.0,6744,307,3
M46,Mortar,0,498.67,498.67,0.0,0.0,0.2,100.0,0,10.67,34.0,0,0,2001.0,0,22.0,28,422.64,8015.0,,7823.0,7919,136,2
M47,Mortar,0,189.33,160.0,13.33,16.0,0.34,64.0,0,10.67,90.0,0,0,2311.0,0,22.0,1,167.49,75.0,68.0,,72,5,2
M47,Mortar,0,189.33,160.0,13.33,16.0,0.34,64.0,0,10.67,90.0,0,0,2311.0,0,22.0,3,167.49,568.0,555.0,,562,9,2
M47,Mortar,0,189.33,160.0,13.33,16.0,0.34,64.0,0,10.67,90.0,0,0,2311.0,0,22.0,5,167.49,673.0,610.0,625.0,636,33,3
M47,Mortar,0,189.33,160.0,13.33,16.0,0.34,64.0,0,10.67,90.0,0,0,2311.0,0,22.0,28,167.49,758.0,,773.0,766,11,2
M48,Mortar,0,489.33,334.67,104.0,50.67,0.2,99.0,0,10.67,35.0,0,0,2011.0,0,22.0,1,305.08,4225.0,4368.0,,4297,101,2
M48,Mortar,0,489.33,334.67,104.0,50.67,0.2,99.0,0,10.67,35.0,0,0,2011.0,0,22.0,3,305.08,,5088.0,4730.0,4909,253,2
M48,Mortar,0,489.33,334.67,104.0,50.67,0.2,99.0,0,10.67,35.0,0,0,2011.0,0,22.0,5,305.08,6488.0,6115.0,7070.0,6558,481,3
M48,Mortar,0,489.33,334.67,104.0,50.67,0.2,99.0,0,10.67,35.0,0,0,2011.0,0,22.0,28,305.08,8438.0,9290.0,7610.0,8446,840,3
M49,Mortar,0,952.0,886.67,9.33,56.0,0.26,249.0,0,2.67,4.0,0,0,1549.0,0,22.0,1,694.58,8288.0,7233.0,8070.0,7864,557,3
M49,Mortar,0,952.0,886.67,9.33,56.0,0.26,249.0,0,2.67,4.0,0,0,1549.0,0,22.0,3,694.58,7340.0,8288.0,8288.0,7972,547,3
M49,Mortar,0,952.0,886.67,9.33,56.0,0.26,249.0,0,2.67,4.0,0,0,1549.0,0,22.0,28,694.58,8068.0,7890.0,8748.0,8235,453,3
M50,Mortar,0,978.67,894.67,25.33,58.67,0.25,240.0,0,2.67,4.0,0,0,1521.0,0,22.0,1,701.42,7738.0,7580.0,7595.0,7638,87,3
M50,Mortar,0,978.67,894.67,25.33,58.67,0.25,240.0,0,2.67,4.0,0,0,1521.0,0,22.0,3,701.42,8345.0,8603.0,8358.0,8435,145,3
M50,Mortar,0,978.67,894.67,25.33,58.67,0.25,240.0,0,2.67,4.0,0,0,1521.0,0,22.0,5,701.42,8443.0,8443.0,8443.0,8443,0,3
M50,Mortar,0,978.67,894.67,25.33,58.67,0.25,240.0,0,2.67,4.0,0,0,1521.0,0,22.0,28,701.42,11155.0,10503.0,9685.0,10448,737,3
M51,Mortar,0,800.0,240.78,207.09,352.13,0.36,287.0,0,0.0,0.0,0,0,1700.0,0,22.0,1,224.36,1343.0,1280.0,1333.0,1319,34,3
M51,Mortar,0,800.0,240.78,207.09,352.13,0.36,287.0,0,0.0,0.0,0,0,1700.0,0,22.0,3,224.36,2323.0,2433.0,2310.0,2355,68,3
M51,Mortar,0,800.0,240.78,207.09,352.13,0.36,287.0,0,0.0,0.0,0,0,1700.0,0,22.0,5,224.36,3150.0,3198.0,3420.0,3256,144,3
M51,Mortar,0,800.0,240.78,207.09,352.13,0.36,287.0,0,0.0,0.0,0,0,1700.0,0,22.0,28,224.36,6860.0,6543.0,7678.0,7027,586,3
M52,Mortar,0,666.67,229.38,137.29,300.0,0.35,233.0,0,0.0,0.0,0,0,1833.0,0,22.0,1,209.07,1540.0,1520.0,1495.0,1518,23,3
M52,Mortar,0,666.67,229.38,137.29,300.0,0.35,233.0,0,0.0,0.0,0,0,1833.0,0,22.0,3,209.07,2683.0,3005.0,2895.0,2861,164,3
M52,Mortar,0,666.67,229.38,137.29,300.0,0.35,233.0,0,0.0,0.0,0,0,1833.0,0,22.0,5,209.07,3895.0,4460.0,3880.0,4078,331,3
M52,Mortar,0,666.67,229.38,137.29,300.0,0.35,233.0,0,0.0,0.0,0,0,1833.0,0,22.0,28,209.07,7233.0,8388.0,7365.0,7662,632,3
M53,Mortar,0,477.14,316.0,112.14,49.0,0.35,167.0,0,0.0,0.0,0,0,2025.0,0,22.0,1,253.73,2398.0,2645.0,,2522,175,2
M53,Mortar,0,477.14,316.0,112.14,49.0,0.35,167.0,0,0.0,0.0,0,0,2025.0,0,22.0,3,253.73,3378.0,3318.0,3653.0,3450,179,3
M53,Mortar,0,477.14,316.0,112.14,49.0,0.35,167.0,0,0.0,0.0,0,0,2025.0,0,22.0,5,253.73,4233.0,3933.0,4198.0,4121,164,3
M53,Mortar,0,477.14,316.0,112.14,49.0,0.35,167.0,0,0.0,0.0,0,0,2025.0,0,22.0,28,253.73,6453.0,6058.0,5523.0,6011,467,3
M54,Mortar,0,477.33,49.33,112.0,316.0,0.35,167.0,0,0.0,0.0,0,0,2025.0,0,22.0,1,72.99,175.0,188.0,178.0,180,7,3
M54,Mortar,0,477.33,49.33,112.0,316.0,0.35,167.0,0,0.0,0.0,0,0,2025.0,0,22.0,3,72.99,420.0,455.0,433.0,436,18,3
M54,Mortar,0,477.33,49.33,112.0,316.0,0.35,167.0,0,0.0,0.0,0,0,2025.0,0,22.0,5,72.99,805.0,793.0,803.0,800,6,3
M54,Mortar,0,477.33,49.33,112.0,316.0,0.35,167.0,0,0.0,0.0,0,0,2025.0,0,22.0,28,72.99,3800.0,3695.0,3508.0,3668,148,3
M55,Mortar,0,720.0,253.33,160.0,306.67,0.35,252.0,0,0.0,0.0,0,0,1947.0,0,22.0,1,228.88,1318.0,1343.0,1403.0,1355,44,3
M55,Mortar,0,720.0,253.33,160.0,306.67,0.35,252.0,0,0.0,0.0,0,0,1947.0,0,22.0,3,228.88,2670.0,2685.0,2968.0,2774,168,3
M55,Mortar,0,720.0,253.33,160.0,306.67,0.35,252.0,0,0.0,0.0,0,0,1947.0,0,22.0,5,228.88,3760.0,3993.0,3950.0,3901,124,3
M55,Mortar,0,720.0,253.33,160.0,306.67,0.35,252.0,0,0.0,0.0,0,0,1947.0,0,22.0,28,228.88,7165.0,6585.0,6033.0,6594,566,3
M56,Mortar,0,666.67,229.33,164.0,273.33,0.35,233.0,0,0.0,0.0,0,0,2000.0,0,22.0,1,207.94,1158.0,1198.0,1185.0,1180,20,3
M56,Mortar,0,666.67,229.33,164.0,273.33,0.35,233.0,0,0.0,0.0,0,0,2000.0,0,22.0,3,207.94,2668.0,2368.0,2723.0,2586,191,3
M56,Mortar,0,666.67,229.33,164.0,273.33,0.35,233.0,0,0.0,0.0,0,0,2000.0,0,22.0,5,207.94,3445.0,3720.0,3525.0,3563,141,3
M56,Mortar,0,666.67,229.33,164.0,273.33,0.35,233.0,0,0.0,0.0,0,0,2000.0,0,22.0,28,207.94,6863.0,6278.0,7255.0,6799,492,3
M57,Mortar,0,529.33,229.33,0.0,300.0,0.38,200.0,0,1.33,4.0,0,0,1967.0,0,22.0,1,210.23,1455.0,1443.0,1460.0,1453,9,3
M57,Mortar,0,529.33,229.33,0.0,300.0,0.38,200.0,0,1.33,4.0,0,0,1967.0,0,22.0,3,210.23,2975.0,3035.0,2845.0,2952,97,3
M57,Mortar,0,529.33,229.33,0.0,300.0,0.38,200.0,0,1.33,4.0,0,0,1967.0,0,22.0,5,210.23,3945.0,3973.0,3860.0,3926,59,3
M57,Mortar,0,529.33,229.33,0.0,300.0,0.38,200.0,0,1.33,4.0,0,0,1967.0,0,22.0,28,210.23,7388.0,6500.0,6820.0,6903,450,3
M58,Mortar,0,673.33,240.0,0.0,433.33,0.36,240.0,0,0.0,0.0,0,0,1833.0,0,22.0,1,224.78,1300.0,1333.0,1340.0,1324,21,3
M58,Mortar,0,673.33,240.0,0.0,433.33,0.36,240.0,0,0.0,0.0,0,0,1833.0,0,22.0,3,224.78,3310.0,3373.0,3078.0,3254,155,3
M58,Mortar,0,673.33,240.0,0.0,433.33,0.36,240.0,0,0.0,0.0,0,0,1833.0,0,22.0,5,224.78,3893.0,4150.0,4253.0,4099,185,3
M58,Mortar,0,673.33,240.0,0.0,433.33,0.36,240.0,0,0.0,0.0,0,0,1833.0,0,22.0,28,224.78,7005.0,7140.0,6518.0,6888,327,3
M59,Mortar,0,990.0,870.0,0.0,120.0,0.29,287.0,0,0.0,0.0,0,0,1510.0,0,4.5,1,677.46,3100.0,3463.0,3285.0,3283,182,3
M59,Mortar,0,990.0,870.0,0.0,120.0,0.29,287.0,0,0.0,0.0,0,0,1510.0,0,4.5,3,677.46,6218.0,5755.0,6333.0,6102,306,3
M59,Mortar,0,990.0,870.0,0.0,120.0,0.29,287.0,0,0.0,0.0,0,0,1510.0,0,4.5,5,677.46,5785.0,6953.0,6608.0,6449,600,3
M60,Mortar,0,714.67,498.67,216.0,0.0,0.37,267.0,0,0.0,0.0,0,0,1785.0,0,4.5,1,391.47,565.0,548.0,470.0,528,51,3
M60,Mortar,0,714.67,498.67,216.0,0.0,0.37,267.0,0,0.0,0.0,0,0,1785.0,0,4.5,3,391.47,3058.0,2953.0,3315.0,3109,186,3
M60,Mortar,0,714.67,498.67,216.0,0.0,0.37,267.0,0,0.0,0.0,0,0,1785.0,0,4.5,5,391.47,4018.0,3848.0,3998.0,3955,93,3
M61,Mortar,0,1266.67,110.27,0.0,1156.4,0.35,443.0,0,0.0,0.0,0,0,1233.0,0,22.0,1,185.82,,308.0,303.0,306,4,2
M61,Mortar,0,1266.67,110.27,0.0,1156.4,0.35,443.0,0,0.0,0.0,0,0,1233.0,0,22.0,3,185.82,2065.0,2208.0,2045.0,2106,89,3
M61,Mortar,0,1266.67,110.27,0.0,1156.4,0.35,443.0,0,0.0,0.0,0,0,1233.0,0,22.0,5,185.82,3550.0,3403.0,3298.0,3417,127,3
M61,Mortar,0,1266.67,110.27,0.0,1156.4,0.35,443.0,0,0.0,0.0,0,0,1233.0,0,22.0,28,185.82,3550.0,3403.0,3298.0,3417,127,3
M62,Mortar,0,580.4,168.53,14.53,397.33,0.35,203.0,0,0.0,0.0,0,0,1920.0,0,22.0,1,168.26,1005.0,1030.0,1008.0,1014,14,3
M62,Mortar,0,580.4,168.53,14.53,397.33,0.35,203.0,0,0.0,0.0,0,0,1920.0,0,22.0,3,168.26,2505.0,2635.0,2590.0,2577,66,3
M62,Mortar,0,580.4,168.53,14.53,397.33,0.35,203.0,0,0.0,0.0,0,0,1920.0,0,22.0,5,168.26,3470.0,3723.0,3800.0,3664,173,3
M62,Mortar,0,580.4,168.53,14.53,397.33,0.35,203.0,0,0.0,0.0,0,0,1920.0,0,22.0,28,168.26,,6953.0,7060.0,7007,76,2
M63,Mortar,0,1198.67,0.0,0.0,1198.67,0.24,286.67,0,0.0,0.0,0,0,1301.33,0,22.0,3,105.82,293.0,268.0,283.0,281,13,3
M63,Mortar,0,1198.67,0.0,0.0,1198.67,0.24,286.67,0,0.0,0.0,0,0,1301.33,0,22.0,5,105.82,900.0,890.0,903.0,898,7,3
M63,Mortar,0,1198.67,0.0,0.0,1198.67,0.24,286.67,0,0.0,0.0,0,0,1301.33,0,22.0,28,105.82,,3593.0,4010.0,3802,295,2
M64,Mortar,0,570.13,129.47,2.67,438.0,0.4,225.33,0,0.0,0.0,0,0,1857.33,0,22.0,1,140.77,630.0,593.0,610.0,611,19,3
M64,Mortar,0,570.13,129.47,2.67,438.0,0.4,225.33,0,0.0,0.0,0,0,1857.33,0,22.0,3,140.77,2245.0,,2165.0,2205,57,2
M64,Mortar,0,570.13,129.47,2.67,438.0,0.4,225.33,0,0.0,0.0,0,0,1857.33,0,22.0,5,140.77,3688.0,3598.0,3608.0,3631,49,3
M64,Mortar,0,570.13,129.47,2.67,438.0,0.4,225.33,0,0.0,0.0,0,0,1857.33,0,22.0,28,140.77,5873.0,6008.0,5975.0,5952,70,3
M65,Mortar,0,725.33,49.33,44.0,632.0,0.35,253.33,0,0.0,0.0,0,0,1773.33,0,22.0,1,97.31,203.0,213.0,215.0,210,6,3
M65,Mortar,0,725.33,49.33,44.0,632.0,0.35,253.33,0,0.0,0.0,0,0,1773.33,0,22.0,3,97.31,1455.0,1593.0,1468.0,1505,76,3
M65,Mortar,0,725.33,49.33,44.0,632.0,0.35,253.33,0,0.0,0.0,0,0,1773.33,0,22.0,5,97.31,2870.0,2660.0,3020.0,2850,181,3
M65,Mortar,0,725.33,49.33,44.0,632.0,0.35,253.33,0,0.0,0.0,0,0,1773.33,0,22.0,28,97.31,5250.0,4845.0,4940.0,5012,212,3
M66,Mortar,0,989.33,194.67,13.33,781.33,0.35,345.33,0,0.0,0.0,0,0,1512.0,0,22.0,1,219.72,615.0,653.0,658.0,642,24,3
M66,Mortar,0,989.33,194.67,13.33,781.33,0.35,345.33,0,0.0,0.0,0,0,1512.0,0,22.0,3,219.72,2358.0,2515.0,2643.0,2505,143,3
M66,Mortar,0,989.33,194.67,13.33,781.33,0.35,345.33,0,0.0,0.0,0,0,1512.0,0,22.0,5,219.72,3345.0,3820.0,3900.0,3688,300,3
M66,Mortar,0,989.33,194.67,13.33,781.33,0.35,345.33,0,0.0,0.0,0,0,1512.0,0,22.0,28,219.72,7955.0,7025.0,7133.0,7371,509,3
M67,Mortar,0,666.67,666.67,0.0,0.0,0.3,200.0,0,5.33,11.0,0,0,1833.0,0,22.0,1,530.24,4770.0,4845.0,5595.0,5070,456,3
M67,Mortar,0,666.67,666.67,0.0,0.0,0.3,200.0,0,5.33,11.0,0,0,1833.0,0,22.0,3,530.24,6799.0,6118.0,6184.0,6367,376,3
M67,Mortar,0,666.67,666.67,0.0,0.0,0.3,200.0,0,5.33,11.0,0,0,1833.0,0,22.0,5,530.24,7112.0,7165.0,7069.0,7115,48,3
M67,Mortar,0,666.67,666.67,0.0,0.0,0.3,200.0,0,5.33,11.0,0,0,1833.0,0,22.0,28,530.24,7902.0,8337.0,8337.0,8192,251,3
M68,Mortar,0,666.67,666.67,0.0,0.0,0.4,267.0,0,2.67,6.0,0,0,1833.0,0,22.0,1,521.67,4493.0,4090.0,,4292,285,2
M68,Mortar,0,666.67,666.67,0.0,0.0,0.4,267.0,0,2.67,6.0,0,0,1833.0,0,22.0,3,521.67,5525.0,5895.0,5195.0,5538,350,3
M68,Mortar,0,666.67,666.67,0.0,0.0,0.4,267.0,0,2.67,6.0,0,0,1833.0,0,22.0,5,521.67,6343.0,5642.0,,5993,496,2
M68,Mortar,0,666.67,666.67,0.0,0.0,0.4,267.0,0,2.67,6.0,0,0,1833.0,0,22.0,28,521.67,6590.0,7570.0,7068.0,7076,490,3
M69,Mortar,0,666.67,666.67,0.0,0.0,0.5,333.0,0,0.0,0.0,0,0,1833.0,0,22.0,1,513.07,,1928.0,1890.0,1909,27,2
M69,Mortar,0,666.67,666.67,0.0,0.0,0.5,333.0,0,0.0,0.0,0,0,1833.0,0,22.0,3,513.07,,3198.0,3010.0,3104,133,2
M69,Mortar,0,666.67,666.67,0.0,0.0,0.5,333.0,0,0.0,0.0,0,0,1833.0,0,22.0,5,513.07,,4158.0,3913.0,4036,173,2
M69,Mortar,0,666.67,666.67,0.0,0.0,0.5,333.0,0,0.0,0.0,0,0,1833.0,0,22.0,28,513.07,6093.0,5795.0,5763.0,5884,182,3
C1,Concrete,0,667.0,667.0,0.0,0.0,0.4,267.0,0,2.14,4.5,0,0,755.0,1037,22.0,1,521.11,2675.0,3045.0,3163.0,2961,255,3
C1,Concrete,0,667.0,667.0,0.0,0.0,0.4,267.0,0,2.14,4.5,0,0,755.0,1037,22.0,3,521.11,5289.0,4400.0,4886.0,4858,445,3
C1,Concrete,0,667.0,667.0,0.0,0.0,0.4,267.0,0,2.14,4.5,0,0,755.0,1037,22.0,5,521.11,5617.0,5980.0,5730.0,5776,186,3
C1,Concrete,0,667.0,667.0,0.0,0.0,0.4,267.0,0,2.14,4.5,0,0,755.0,1037,22.0,14,521.11,6230.0,6110.0,6111.0,6150,69,3
C1,Concrete,0,667.0,667.0,0.0,0.0,0.4,267.0,0,2.14,4.5,0,0,755.0,1037,22.0,28,521.11,7992.0,8120.0,,8056,91,2
C2,Concrete,0,667.0,667.0,0.0,0.0,0.4,267.0,0,2.14,4.5,0,0,611.0,1176,22.0,1,521.27,4874.0,4566.0,5252.0,4897,344,3
C2,Concrete,0,667.0,667.0,0.0,0.0,0.4,267.0,0,2.14,4.5,0,0,611.0,1176,22.0,3,521.27,6794.0,6471.0,7168.0,6811,349,3
C2,Concrete,0,667.0,667.0,0.0,0.0,0.4,267.0,0,2.14,4.5,0,0,611.0,1176,22.0,5,521.27,7718.0,7438.0,7167.0,7441,276,3
C2,Concrete,0,667.0,667.0,0.0,0.0,0.4,267.0,0,2.14,4.5,0,0,611.0,1176,22.0,14,521.27,8425.0,7963.0,8701.0,8363,373,3
C2,Concrete,0,667.0,667.0,0.0,0.0,0.4,267.0,0,2.14,4.5,0,0,611.0,1176,22.0,28,521.27,9644.0,9656.0,9173.0,9491,275,3
C3,Concrete,0,667.0,667.0,0.0,0.0,0.4,267.0,0,2.14,4.5,0,0,423.0,1356,22.0,1,521.47,4220.0,4628.0,4492.0,4447,208,3
C3,Concrete,0,667.0,667.0,0.0,0.0,0.4,267.0,0,2.14,4.5,0,0,423.0,1356,22.0,3,521.47,6164.0,6094.0,6391.0,6216,155,3
C3,Concrete,0,667.0,667.0,0.0,0.0,0.4,267.0,0,2.14,4.5,0,0,423.0,1356,22.0,5,521.47,,7651.0,7500.0,7576,107,2
C3,Concrete,0,667.0,667.0,0.0,0.0,0.4,267.0,0,2.14,4.5,0,0,423.0,1356,22.0,14,521.47,8378.0,8639.0,8711.0,8576,175,3
C3,Concrete,0,667.0,667.0,0.0,0.0,0.4,267.0,0,2.14,4.5,0,0,423.0,1356,22.0,28,521.47,9594.0,8969.0,9489.0,9351,335,3
C4,Concrete,0,667.0,667.0,0.0,0.0,0.4,267.0,0,2.14,4.5,0,0,815.0,928,22.0,1,520.87,5244.0,5033.0,5494.0,5257,231,3
C4,Concrete,0,667.0,667.0,0.0,0.0,0.4,267.0,0,2.14,4.5,0,0,815.0,928,22.0,3,520.87,,7260.0,7131.0,7196,91,2
C4,Concrete,0,667.0,667.0,0.0,0.0,0.4,267.0,0,2.14,4.5,0,0,815.0,928,22.0,5,520.87,7576.0,7824.0,7661.0,7687,126,3
C4,Concrete,0,667.0,667.0,0.0,0.0,0.4,267.0,0,2.14,4.5,0,0,815.0,928,22.0,14,520.87,9031.0,8722.0,9265.0,9006,272,3
C4,Concrete,0,667.0,667.0,0.0,0.0,0.4,267.0,0,2.14,4.5,0,0,815.0,928,22.0,28,520.87,9111.0,9617.0,9742.0,9490,334,3
C5,Concrete,0,667.0,201.0,173.0,293.0,0.25,167.0,0,3.56,7.5,0,0,611.0,1176,22.0,1,200.73,894.0,869.0,941.0,901,37,3
C5,Concrete,0,667.0,201.0,173.0,293.0,0.25,167.0,0,3.56,7.5,0,0,611.0,1176,22.0,3,200.73,5613.0,5638.0,5627.0,5626,13,3
C5,Concrete,0,667.0,201.0,173.0,293.0,0.25,167.0,0,3.56,7.5,0,0,611.0,1176,22.0,5,200.73,8335.0,8081.0,8152.0,8189,131,3
C5,Concrete,0,667.0,201.0,173.0,293.0,0.25,167.0,0,3.56,7.5,0,0,611.0,1176,22.0,14,200.73,12578.0,12080.0,13126.0,12595,523,3
C5,Concrete,0,667.0,201.0,173.0,293.0,0.25,167.0,0,3.56,7.5,0,0,611.0,1176,22.0,28,200.73,14025.0,14834.0,15912.0,14924,947,3
C6,Concrete,0,667.0,201.0,173.0,293.0,0.25,167.0,0,4.63,9.7,0,0,611.0,1176,22.0,1,204.17,1755.0,1926.0,1747.0,1809,101,3
C6,Concrete,0,667.0,201.0,173.0,293.0,0.25,167.0,0,4.63,9.7,0,0,611.0,1176,22.0,3,204.17,5974.0,6010.0,6137.0,6040,86,3
C6,Concrete,0,667.0,201.0,173.0,293.0,0.25,167.0,0,4.63,9.7,0,0,611.0,1176,22.0,5,204.17,8576.0,8503.0,8686.0,8588,92,3
C6,Concrete,0,667.0,201.0,173.0,293.0,0.25,167.0,0,4.63,9.7,0,0,611.0,1176,22.0,14,204.17,13300.0,13759.0,13530.0,13530,230,3
C6,Concrete,0,667.0,201.0,173.0,293.0,0.25,167.0,0,4.63,9.7,0,0,611.0,1176,22.0,28,204.17,16029.0,16652.0,15406.0,16029,623,3
C7,Concrete,0,667.0,455.0,159.0,53.0,0.3,200.0,0,2.85,6.0,0,0,611.0,1176,22.0,1,371.27,5187.0,5271.0,5229.0,5229,42,3
C7,Concrete,0,667.0,455.0,159.0,53.0,0.3,200.0,0,2.85,6.0,0,0,611.0,1176,22.0,3,371.27,7583.0,7414.0,7747.0,7581,167,3
C7,Concrete,0,667.0,455.0,159.0,53.0,0.3,200.0,0,2.85,6.0,0,0,611.0,1176,22.0,5,371.27,8489.0,8593.0,8444.0,8509,76,3
C7,Concrete,0,667.0,455.0,159.0,53.0,0.3,200.0,0,2.85,6.0,0,0,611.0,1176,22.0,14,371.27,10852.0,10508.0,11189.0,10850,341,3
C7,Concrete,0,667.0,455.0,159.0,53.0,0.3,200.0,0,2.85,6.0,0,0,611.0,1176,22.0,28,371.27,12018.0,11814.0,11713.0,11848,155,3
C8,Concrete,0,951.0,887.0,9.0,55.0,0.3,285.0,0,1.43,2.1,0,0,516.0,993,22.0,1,690.62,6216.0,5589.0,5978.0,5928,317,3
C8,Concrete,0,951.0,887.0,9.0,55.0,0.3,285.0,0,1.43,2.1,0,0,516.0,993,22.0,3,690.62,7521.0,7641.0,7395.0,7519,123,3
C8,Concrete,0,951.0,887.0,9.0,55.0,0.3,285.0,0,1.43,2.1,0,0,516.0,993,22.0,5,690.62,7973.0,8009.0,7377.0,7786,355,3
C8,Concrete,0,951.0,887.0,9.0,55.0,0.3,285.0,0,1.43,2.1,0,0,516.0,993,22.0,14,690.62,8777.0,8522.0,8270.0,8523,254,3
C8,Concrete,0,951.0,887.0,9.0,55.0,0.3,285.0,0,1.43,2.1,0,0,516.0,993,22.0,28,690.62,9243.0,9422.0,9131.0,9265,147,3
C9,Concrete,0,667.0,229.0,137.0,300.0,0.3,200.0,0,2.49,5.2,0,0,611.0,1176,22.0,1,218.71,984.0,947.0,1135.0,1022,100,3
C9,Concrete,0,667.0,229.0,137.0,300.0,0.3,200.0,0,2.49,5.2,0,0,611.0,1176,22.0,3,218.71,3572.0,3732.0,4044.0,3783,240,3
C9,Concrete,0,667.0,229.0,137.0,300.0,0.3,200.0,0,2.49,5.2,0,0,611.0,1176,22.0,5,218.71,6192.0,6249.0,6110.0,6184,70,3
C9,Concrete,0,667.0,229.0,137.0,300.0,0.3,200.0,0,2.49,5.2,0,0,611.0,1176,22.0,14,218.71,10159.0,9859.0,9808.0,9942,190,3
C9,Concrete,0,667.0,229.0,137.0,300.0,0.3,200.0,0,2.49,5.2,0,0,611.0,1176,22.0,28,218.71,11379.0,11207.0,12059.0,11548,451,3
C10,Concrete,0,667.0,201.0,173.0,293.0,0.4,267.0,0,0.0,0.0,0,0,611.0,1176,22.0,1,189.24,,414.0,464.0,439,35,2
C10,Concrete,0,667.0,201.0,173.0,293.0,0.4,267.0,0,0.0,0.0,0,0,611.0,1176,22.0,3,189.24,2776.0,2523.0,3029.0,2776,253,3
C10,Concrete,0,667.0,201.0,173.0,293.0,0.4,267.0,0,0.0,0.0,0,0,611.0,1176,22.0,5,189.24,3235.0,3711.0,3760.0,3569,290,3
C10,Concrete,0,667.0,201.0,173.0,293.0,0.4,267.0,0,0.0,0.0,0,0,611.0,1176,22.0,14,189.24,5943.0,6111.0,5571.0,5875,276,3
C10,Concrete,0,667.0,201.0,173.0,293.0,0.4,267.0,0,0.0,0.0,0,0,611.0,1176,22.0,28,189.24,8073.0,8239.0,7764.0,8025,241,3
C11,Concrete,0,667.0,133.0,167.0,367.0,0.3,200.0,0,1.43,3.0,0,0,611.0,1176,22.0,1,148.6,384.0,396.0,,390,8,2
C11,Concrete,0,667.0,133.0,167.0,367.0,0.3,200.0,0,1.43,3.0,0,0,611.0,1176,22.0,3,148.6,3287.0,3326.0,3185.0,3266,73,3
C11,Concrete,0,667.0,133.0,167.0,367.0,0.3,200.0,0,1.43,3.0,0,0,611.0,1176,22.0,5,148.6,5480.0,5377.0,4719.0,5192,413,3
C11,Concrete,0,667.0,133.0,167.0,367.0,0.3,200.0,0,1.43,3.0,0,0,611.0,1176,22.0,14,148.6,9508.0,9301.0,8982.0,9264,265,3
C11,Concrete,0,667.0,133.0,167.0,367.0,0.3,200.0,0,1.43,3.0,0,0,611.0,1176,22.0,28,148.6,11563.0,11377.0,10773.0,11238,413,3
C12,Concrete,0,667.0,133.0,533.0,0.0,0.3,200.0,0,0.53,1.1,0,0,611.0,1176,22.0,1,125.19,140.0,130.0,129.0,133,6,3
C12,Concrete,0,667.0,133.0,533.0,0.0,0.3,200.0,0,0.53,1.1,0,0,611.0,1176,22.0,3,125.19,133.0,133.0,133.0,133,0,3
C12,Concrete,0,667.0,133.0,533.0,0.0,0.3,200.0,0,0.53,1.1,0,0,611.0,1176,22.0,5,125.19,,157.0,164.0,161,5,2
C12,Concrete,0,667.0,133.0,533.0,0.0,0.3,200.0,0,0.53,1.1,0,0,611.0,1176,22.0,14,125.19,2424.0,2208.0,2401.0,2344,119,3
C12,Concrete,0,667.0,133.0,533.0,0.0,0.3,200.0,0,0.53,1.1,0,0,611.0,1176,22.0,28,125.19,3020.0,3651.0,3558.0,3410,341,3
C13,Concrete,0,667.0,133.0,233.0,300.0,0.3,200.0,0,0.71,1.5,0,0,611.0,1176,22.0,1,142.57,153.0,146.0,163.0,154,9,3
C13,Concrete,0,667.0,133.0,233.0,300.0,0.3,200.0,0,0.71,1.5,0,0,611.0,1176,22.0,3,142.57,2390.0,2188.0,2446.0,2341,136,3
C13,Concrete,0,667.0,133.0,233.0,300.0,0.3,200.0,0,0.71,1.5,0,0,611.0,1176,22.0,5,142.57,3567.0,3950.0,4014.0,3844,242,3
C13,Concrete,0,667.0,133.0,233.0,300.0,0.3,200.0,0,0.71,1.5,0,0,611.0,1176,22.0,14,142.57,7703.0,7842.0,7706.0,7750,79,3
C13,Concrete,0,667.0,133.0,233.0,300.0,0.3,200.0,0,0.71,1.5,0,0,611.0,1176,22.0,28,142.57,10903.0,10576.0,10763.0,10747,164,3
C14,Concrete,0,667.0,201.0,173.0,293.0,0.3,200.0,0,1.78,3.7,0,0,611.0,1176,22.0,1,195.0,673.0,610.0,664.0,649,34,3
C14,Concrete,0,667.0,201.0,173.0,293.0,0.3,200.0,0,1.78,3.7,0,0,611.0,1176,22.0,3,195.0,5446.0,5221.0,4763.0,5143,348,3
C14,Concrete,0,667.0,201.0,173.0,293.0,0.3,200.0,0,1.78,3.7,0,0,611.0,1176,22.0,5,195.0,6484.0,6698.0,7089.0,6757,307,3
C14,Concrete,0,667.0,201.0,173.0,293.0,0.3,200.0,0,1.78,3.7,0,0,611.0,1176,22.0,14,195.0,10182.0,9858.0,10427.0,10156,285,3
C14,Concrete,0,667.0,201.0,173.0,293.0,0.3,200.0,0,1.78,3.7,0,0,611.0,1176,22.0,28,195.0,11416.0,11802.0,11726.0,11648,204,3
C15,Concrete,0,667.0,201.0,173.0,293.0,0.35,233.0,0,0.89,1.9,0,0,611.0,1176,22.0,1,192.0,699.0,757.0,,728,41,2
C15,Concrete,0,667.0,201.0,173.0,293.0,0.35,233.0,0,0.89,1.9,0,0,611.0,1176,22.0,3,192.0,2675.0,,2468.0,2572,146,2
C15,Concrete,0,667.0,201.0,173.0,293.0,0.35,233.0,0,0.89,1.9,0,0,611.0,1176,22.0,5,192.0,5231.0,5068.0,4967.0,5089,133,3
C15,Concrete,0,667.0,201.0,173.0,293.0,0.35,233.0,0,0.89,1.9,0,0,611.0,1176,22.0,14,192.0,8148.0,8066.0,7724.0,7979,225,3
C15,Concrete,0,667.0,201.0,173.0,293.0,0.35,233.0,0,0.89,1.9,0,0,611.0,1176,22.0,28,192.0,9639.0,9409.0,9246.0,9431,197,3
C16,Concrete,0,667.0,667.0,0.0,0.0,0.5,333.0,0,0.0,0.0,0,0,611.0,1176,22.0,1,514.0,1825.0,1715.0,1934.0,1825,110,3
C16,Concrete,0,667.0,667.0,0.0,0.0,0.5,333.0,0,0.0,0.0,0,0,611.0,1176,22.0,3,514.0,2412.0,,2553.0,2483,100,2
C16,Concrete,0,667.0,667.0,0.0,0.0,0.5,333.0,0,0.0,0.0,0,0,611.0,1176,22.0,5,514.0,4243.0,4412.0,4073.0,4243,170,3
C16,Concrete,0,667.0,667.0,0.0,0.0,0.5,333.0,0,0.0,0.0,0,0,611.0,1176,22.0,14,514.0,5706.0,4720.0,5213.0,5213,493,3
C16,Concrete,0,667.0,667.0,0.0,0.0,0.5,333.0,0,0.0,0.0,0,0,611.0,1176,22.0,28,514.0,5611.0,,5663.0,5637,37,2
C17,Concrete,0,667.0,467.0,200.0,0.0,0.5,333.0,0,0.0,0.0,0,0,611.0,1176,22.0,1,368.0,758.0,818.0,878.0,818,60,3
C17,Concrete,0,667.0,467.0,200.0,0.0,0.5,333.0,0,0.0,0.0,0,0,611.0,1176,22.0,3,368.0,,1547.0,1395.0,1471,107,2
C17,Concrete,0,667.0,467.0,200.0,0.0,0.5,333.0,0,0.0,0.0,0,0,611.0,1176,22.0,5,368.0,2250.0,2044.0,,2147,146,2
C17,Concrete,0,667.0,467.0,200.0,0.0,0.5,333.0,0,0.0,0.0,0,0,611.0,1176,22.0,14,368.0,6047.0,,5706.0,5877,241,2
C17,Concrete,0,667.0,467.0,200.0,0.0,0.5,333.0,0,0.0,0.0,0,0,611.0,1176,22.0,28,368.0,6130.0,5877.0,,6004,179,2
C18,Concrete,0,667.0,400.0,267.0,0.0,0.5,333.0,0,0.0,0.0,0,0,611.0,1176,22.0,1,319.0,422.0,484.0,492.0,466,38,3
C18,Concrete,0,667.0,400.0,267.0,0.0,0.5,333.0,0,0.0,0.0,0,0,611.0,1176,22.0,3,319.0,,1899.0,2106.0,2003,146,2
C18,Concrete,0,667.0,400.0,267.0,0.0,0.5,333.0,0,0.0,0.0,0,0,611.0,1176,22.0,5,319.0,3536.0,,3516.0,3526,14,2
C18,Concrete,0,667.0,400.0,267.0,0.0,0.5,333.0,0,0.0,0.0,0,0,611.0,1176,22.0,14,319.0,4170.0,,4490.0,4330,226,2
C18,Concrete,0,667.0,400.0,267.0,0.0,0.5,333.0,0,0.0,0.0,0,0,611.0,1176,22.0,28,319.0,6510.0,6965.0,6575.0,6683,246,3
C19,Concrete,0,667.0,267.0,400.0,0.0,0.35,233.0,0,0.0,0.0,0,0,611.0,1176,22.0,1,221.0,224.0,199.0,199.0,207,14,3
C19,Concrete,0,667.0,267.0,400.0,0.0,0.35,233.0,0,0.0,0.0,0,0,611.0,1176,22.0,3,221.0,2172.0,2281.0,2331.0,2261,81,3
C19,Concrete,0,667.0,267.0,400.0,0.0,0.35,233.0,0,0.0,0.0,0,0,611.0,1176,22.0,5,221.0,3696.0,4081.0,4128.0,3968,237,3
C19,Concrete,0,667.0,267.0,400.0,0.0,0.35,233.0,0,0.0,0.0,0,0,611.0,1176,22.0,14,221.0,7020.0,6765.0,6999.0,6928,142,3
C19,Concrete,0,667.0,267.0,400.0,0.0,0.35,233.0,0,0.0,0.0,0,0,611.0,1176,22.0,28,221.0,8313.0,8694.0,8456.0,8488,192,3
C20,Concrete,0,667.0,200.0,467.0,0.0,0.35,233.0,0,0.0,0.0,0,0,611.0,1176,22.0,1,172.0,74.0,,83.0,79,6,2
C20,Concrete,0,667.0,200.0,467.0,0.0,0.35,233.0,0,0.0,0.0,0,0,611.0,1176,22.0,3,172.0,627.0,542.0,585.0,585,43,3
C20,Concrete,0,667.0,200.0,467.0,0.0,0.35,233.0,0,0.0,0.0,0,0,611.0,1176,22.0,5,172.0,1845.0,,1872.0,1859,19,2
C20,Concrete,0,667.0,200.0,467.0,0.0,0.35,233.0,0,0.0,0.0,0,0,611.0,1176,22.0,14,172.0,4594.0,4686.0,4585.0,4622,56,3
C20,Concrete,0,667.0,200.0,467.0,0.0,0.35,233.0,0,0.0,0.0,0,0,611.0,1176,22.0,28,172.0,5790.0,,5841.0,5816,36,2
C21,Concrete,0,500.0,500.0,0.0,0.0,0.4,200.0,0,0.36,1.0,0,0,667.0,1282,22.0,1,389.0,4568.0,4293.0,4570.0,4477,159,3
C21,Concrete,0,500.0,500.0,0.0,0.0,0.4,200.0,0,0.36,1.0,0,0,667.0,1282,22.0,3,389.0,5713.0,5694.0,,5704,13,2
C21,Concrete,0,500.0,500.0,0.0,0.0,0.4,200.0,0,0.36,1.0,0,0,667.0,1282,22.0,5,389.0,6522.0,6419.0,7064.0,6668,347,3
C21,Concrete,0,500.0,500.0,0.0,0.0,0.4,200.0,0,0.36,1.0,0,0,667.0,1282,22.0,14,389.0,8199.0,8144.0,7295.0,7879,507,3
C21,Concrete,0,500.0,500.0,0.0,0.0,0.4,200.0,0,0.36,1.0,0,0,667.0,1282,22.0,28,389.0,8247.0,8998.0,7482.0,8242,758,3
C22,Concrete,0,400.0,400.0,0.0,0.0,0.4,160.0,0,0.89,3.1,0,0,700.0,1347,22.0,1,315.0,4754.0,,4816.0,4785,44,2
C22,Concrete,0,400.0,400.0,0.0,0.0,0.4,160.0,0,0.89,3.1,0,0,700.0,1347,22.0,3,315.0,7015.0,6435.0,7042.0,6831,343,3
C22,Concrete,0,400.0,400.0,0.0,0.0,0.4,160.0,0,0.89,3.1,0,0,700.0,1347,22.0,5,315.0,7989.0,7738.0,7450.0,7726,270,3
C22,Concrete,0,400.0,400.0,0.0,0.0,0.4,160.0,0,0.89,3.1,0,0,700.0,1347,22.0,14,315.0,8837.0,8639.0,8050.0,8509,409,3
C22,Concrete,0,400.0,400.0,0.0,0.0,0.4,160.0,0,0.89,3.1,0,0,700.0,1347,22.0,28,315.0,9465.0,9967.0,9439.0,9624,298,3
C23,Concrete,0,400.0,280.0,120.0,0.0,0.4,160.0,0,0.89,3.1,0,0,700.0,1347,22.0,1,227.0,2147.0,2148.0,,2148,1,2
C23,Concrete,0,400.0,280.0,120.0,0.0,0.4,160.0,0,0.89,3.1,0,0,700.0,1347,22.0,3,227.0,,5117.0,5134.0,5126,12,2
C23,Concrete,0,400.0,280.0,120.0,0.0,0.4,160.0,0,0.89,3.1,0,0,700.0,1347,22.0,5,227.0,7104.0,7455.0,7298.0,7286,176,3
C23,Concrete,0,400.0,280.0,120.0,0.0,0.4,160.0,0,0.89,3.1,0,0,700.0,1347,22.0,14,227.0,9014.0,8947.0,,8981,47,2
C23,Concrete,0,400.0,280.0,120.0,0.0,0.4,160.0,0,0.89,3.1,0,0,700.0,1347,22.0,28,227.0,9714.0,10247.0,10158.0,10040,286,3
C24,Concrete,0,400.0,240.0,160.0,0.0,0.4,160.0,0,0.71,2.5,0,0,700.0,1347,22.0,1,197.0,981.0,,970.0,976,8,2
C24,Concrete,0,400.0,240.0,160.0,0.0,0.4,160.0,0,0.71,2.5,0,0,700.0,1347,22.0,3,197.0,5090.0,4499.0,5217.0,4935,383,3
C24,Concrete,0,400.0,240.0,160.0,0.0,0.4,160.0,0,0.71,2.5,0,0,700.0,1347,22.0,5,197.0,5960.0,6668.0,6732.0,6453,428,3
C24,Concrete,0,400.0,240.0,160.0,0.0,0.4,160.0,0,0.71,2.5,0,0,700.0,1347,22.0,14,197.0,8918.0,9225.0,8927.0,9023,175,3
C24,Concrete,0,400.0,240.0,160.0,0.0,0.4,160.0,0,0.71,2.5,0,0,700.0,1347,22.0,28,197.0,9944.0,10714.0,10482.0,10380,395,3
C25,Concrete,0,400.0,80.0,100.0,220.0,0.4,160.0,0,0.89,3.1,0,0,700.0,1347,22.0,1,93.0,631.0,626.0,678.0,645,29,3
C25,Concrete,0,400.0,80.0,100.0,220.0,0.4,160.0,0,0.89,3.1,0,0,700.0,1347,22.0,3,93.0,2211.0,2214.0,2137.0,2187,44,3
C25,Concrete,0,400.0,80.0,100.0,220.0,0.4,160.0,0,0.89,3.1,0,0,700.0,1347,22.0,5,93.0,2962.0,3428.0,3352.0,3247,250,3
C25,Concrete,0,400.0,80.0,100.0,220.0,0.4,160.0,0,0.89,3.1,0,0,700.0,1347,22.0,14,93.0,6313.0,6382.0,6270.0,6322,57,3
C25,Concrete,0,400.0,80.0,100.0,220.0,0.4,160.0,0,0.89,3.1,0,0,700.0,1347,22.0,28,93.0,8328.0,7898.0,7754.0,7993,299,3
C26,Concrete,0,400.0,160.0,240.0,0.0,0.35,140.0,0,0.89,3.1,0,0,700.0,1347,22.0,1,139.0,173.0,195.0,174.0,181,12,3
C26,Concrete,0,400.0,160.0,240.0,0.0,0.35,140.0,0,0.89,3.1,0,0,700.0,1347,22.0,3,139.0,2906.0,2901.0,3042.0,2950,80,3
C26,Concrete,0,400.0,160.0,240.0,0.0,0.35,140.0,0,0.89,3.1,0,0,700.0,1347,22.0,5,139.0,5148.0,4846.0,5152.0,5049,176,3
C26,Concrete,0,400.0,160.0,240.0,0.0,0.35,140.0,0,0.89,3.1,0,0,700.0,1347,22.0,28,139.0,7531.0,7410.0,7410.0,7450,70,3
C27,Concrete,0,400.0,120.0,280.0,0.0,0.35,140.0,0,0.71,2.5,0,0,700.0,1347,22.0,1,109.0,,80.0,75.0,78,4,2
C27,Concrete,0,400.0,120.0,280.0,0.0,0.35,140.0,0,0.71,2.5,0,0,700.0,1347,22.0,3,109.0,754.0,814.0,804.0,791,32,3
C27,Concrete,0,400.0,120.0,280.0,0.0,0.35,140.0,0,0.71,2.5,0,0,700.0,1347,22.0,5,109.0,1775.0,2012.0,1899.0,1895,119,3
C27,Concrete,0,400.0,120.0,280.0,0.0,0.35,140.0,0,0.71,2.5,0,0,700.0,1347,22.0,14,109.0,4392.0,4392.0,4337.0,4374,32,3
C27,Concrete,0,400.0,120.0,280.0,0.0,0.35,140.0,0,0.71,2.5,0,0,700.0,1347,22.0,28,109.0,5242.0,5111.0,5352.0,5235,121,3
C28,Concrete,1,371.0,263.0,0.0,108.0,0.35,130.0,0,2.04,8.4,0,0,867.0,1129,22.0,1,223.0,4042.0,3980.0,3991.0,4004,33,3
C28,Concrete,1,371.0,263.0,0.0,108.0,0.35,130.0,0,2.04,8.4,0,0,867.0,1129,22.0,3,223.0,6346.0,6094.0,5989.0,6143,183,3
C28,Concrete,1,371.0,263.0,0.0,108.0,0.35,130.0,0,2.04,8.4,0,0,867.0,1129,22.0,5,223.0,6793.0,7326.0,6808.0,6976,303,3
C28,Concrete,1,371.0,263.0,0.0,108.0,0.35,130.0,0,2.04,8.4,0,0,867.0,1129,22.0,14,223.0,8546.0,8228.0,8571.0,8448,191,3
C28,Concrete,1,371.0,263.0,0.0,108.0,0.35,130.0,0,2.04,8.4,0,0,867.0,1129,22.0,28,223.0,9703.0,8984.0,9345.0,9344,360,3
C29,Concrete,1,448.0,225.0,0.0,223.0,0.35,157.0,0,2.04,7.0,0,0,818.0,1073,22.0,1,204.0,2016.0,2290.0,2227.0,2178,144,3
C29,Concrete,1,448.0,225.0,0.0,223.0,0.35,157.0,0,2.04,7.0,0,0,818.0,1073,22.0,3,204.0,5132.0,5391.0,4930.0,5151,231,3
C29,Concrete,1,448.0,225.0,0.0,223.0,0.35,157.0,0,2.04,7.0,0,0,818.0,1073,22.0,5,204.0,5638.0,6057.0,5996.0,5897,226,3
C29,Concrete,1,448.0,225.0,0.0,223.0,0.35,157.0,0,2.04,7.0,0,0,818.0,1073,22.0,14,204.0,,7384.0,6684.0,7034,495,2
C29,Concrete,1,448.0,225.0,0.0,223.0,0.35,157.0,0,2.04,7.0,0,0,818.0,1073,22.0,28,204.0,8389.0,9337.0,8873.0,8866,474,3
C30,Concrete,1,371.0,210.0,39.0,122.0,0.35,130.0,0,2.04,8.4,0,0,942.0,1054,22.0,1,183.0,1968.0,2018.0,2060.0,2015,46,3
C30,Concrete,1,371.0,210.0,39.0,122.0,0.35,130.0,0,2.04,8.4,0,0,942.0,1054,22.0,3,183.0,4520.0,4860.0,4959.0,4780,230,3
C30,Concrete,1,371.0,210.0,39.0,122.0,0.35,130.0,0,2.04,8.4,0,0,942.0,1054,22.0,5,183.0,5768.0,5179.0,5509.0,5485,295,3
C30,Concrete,1,371.0,210.0,39.0,122.0,0.35,130.0,0,2.04,8.4,0,0,942.0,1054,22.0,14,183.0,7017.0,7287.0,7523.0,7276,253,3
C30,Concrete,1,371.0,210.0,39.0,122.0,0.35,130.0,0,2.04,8.4,0,0,942.0,1054,22.0,28,183.0,8524.0,8382.0,8211.0,8372,157,3
C31,Concrete,1,370.0,179.0,0.0,191.0,0.35,130.0,0,1.28,5.3,0,0,946.0,1051,22.0,1,164.0,2537.0,2563.0,2799.0,2633,144,3
C31,Concrete,1,370.0,179.0,0.0,191.0,0.35,130.0,0,1.28,5.3,0,0,946.0,1051,22.0,3,164.0,4699.0,4773.0,4802.0,4758,53,3
C31,Concrete,1,370.0,179.0,0.0,191.0,0.35,130.0,0,1.28,5.3,0,0,946.0,1051,22.0,5,164.0,5280.0,5390.0,5049.0,5240,174,3
C31,Concrete,1,370.0,179.0,0.0,191.0,0.35,130.0,0,1.28,5.3,0,0,946.0,1051,22.0,14,164.0,7113.0,6942.0,7251.0,7102,155,3
C31,Concrete,1,370.0,179.0,0.0,191.0,0.35,130.0,0,1.28,5.3,0,0,946.0,1051,22.0,28,164.0,8315.0,8469.0,7985.0,8256,247,3
C32,Concrete,1,370.0,148.0,0.0,222.0,0.35,130.0,0,1.4,5.8,0,0,875.0,1121,22.0,1,143.0,1795.0,1682.0,1528.0,1668,134,3
C32,Concrete,1,370.0,148.0,0.0,222.0,0.35,130.0,0,1.4,5.8,0,0,875.0,1121,22.0,3,143.0,4444.0,4131.0,4461.0,4345,186,3
C32,Concrete,1,370.0,148.0,0.0,222.0,0.35,130.0,0,1.4,5.8,0,0,875.0,1121,22.0,5,143.0,5517.0,5620.0,6146.0,5761,337,3
C32,Concrete,1,370.0,148.0,0.0,222.0,0.35,130.0,0,1.4,5.8,0,0,875.0,1121,22.0,14,143.0,,7272.0,7034.0,7153,168,2
C32,Concrete,1,370.0,148.0,0.0,222.0,0.35,130.0,0,1.4,5.8,0,0,875.0,1121,22.0,28,143.0,7881.0,7943.0,7528.0,7784,224,3
C33,Concrete,1,371.0,263.0,0.0,108.0,0.4,148.0,0,0.59,2.4,0,0,818.0,1129,22.0,1,218.36,2255.0,2312.0,2331.0,2299,40,3
C33,Concrete,1,371.0,263.0,0.0,108.0,0.4,148.0,0,0.59,2.4,0,0,818.0,1129,22.0,3,218.36,3606.0,3609.0,3865.0,3693,149,3
C33,Concrete,1,371.0,263.0,0.0,108.0,0.4,148.0,0,0.59,2.4,0,0,818.0,1129,22.0,5,218.36,4634.0,4498.0,4763.0,4632,133,3
C33,Concrete,1,371.0,263.0,0.0,108.0,0.4,148.0,0,0.59,2.4,0,0,818.0,1129,22.0,14,218.36,5983.0,6126.0,5546.0,5885,302,3
C33,Concrete,1,371.0,263.0,0.0,108.0,0.4,148.0,0,0.59,2.4,0,0,818.0,1129,22.0,28,218.36,6781.0,6551.0,6939.0,6757,195,3
C34,Concrete,1,371.0,263.0,0.0,108.0,0.45,167.0,0,0.0,0.0,0,0,768.0,1129,22.0,1,216.34,1791.0,,1593.0,1692,140,2
C34,Concrete,1,371.0,263.0,0.0,108.0,0.45,167.0,0,0.0,0.0,0,0,768.0,1129,22.0,3,216.34,3497.0,3285.0,2957.0,3246,272,3
C34,Concrete,1,371.0,263.0,0.0,108.0,0.45,167.0,0,0.0,0.0,0,0,768.0,1129,22.0,5,216.34,3831.0,4494.0,3857.0,4061,376,3
C34,Concrete,1,371.0,263.0,0.0,108.0,0.45,167.0,0,0.0,0.0,0,0,768.0,1129,22.0,14,216.34,5876.0,5900.0,5514.0,5763,216,3
C34,Concrete,1,371.0,263.0,0.0,108.0,0.45,167.0,0,0.0,0.0,0,0,768.0,1129,22.0,28,216.34,6590.0,5996.0,6299.0,6295,297,3
C35,Concrete,1,371.0,263.0,0.0,108.0,0.5,186.0,0,0.0,0.0,0,0,719.0,1129,22.0,1,216.22,1210.0,1273.0,1177.0,1220,49,3
C35,Concrete,1,371.0,263.0,0.0,108.0,0.5,186.0,0,0.0,0.0,0,0,719.0,1129,22.0,3,216.22,2868.0,2677.0,2971.0,2839,149,3
C35,Concrete,1,371.0,263.0,0.0,108.0,0.5,186.0,0,0.0,0.0,0,0,719.0,1129,22.0,5,216.22,3493.0,3303.0,3465.0,3420,103,3
C35,Concrete,1,371.0,263.0,0.0,108.0,0.5,186.0,0,0.0,0.0,0,0,719.0,1129,22.0,14,216.22,4598.0,4237.0,4649.0,4495,225,3
C35,Concrete,1,371.0,263.0,0.0,108.0,0.5,186.0,0,0.0,0.0,0,0,719.0,1129,22.0,28,216.22,4632.0,4246.0,5014.0,4631,384,3
C36,Concrete,1,334.0,237.0,0.0,97.0,0.39,130.0,0,1.02,4.7,0,0,881.0,1147,22.0,1,199.42,,2595.0,2372.0,2484,158,2
C36,Concrete,1,334.0,237.0,0.0,97.0,0.39,130.0,0,1.02,4.7,0,0,881.0,1147,22.0,3,199.42,4473.0,4343.0,4280.0,4365,98,3
C36,Concrete,1,334.0,237.0,0.0,97.0,0.39,130.0,0,1.02,4.7,0,0,881.0,1147,22.0,5,199.42,4893.0,5325.0,5214.0,5144,224,3
C36,Concrete,1,334.0,237.0,0.0,97.0,0.39,130.0,0,1.02,4.7,0,0,881.0,1147,22.0,14,199.42,6699.0,6514.0,6666.0,6626,99,3
C36,Concrete,1,334.0,237.0,0.0,97.0,0.39,130.0,0,1.02,4.7,0,0,881.0,1147,22.0,28,199.42,7488.0,7658.0,7544.0,7563,87,3
C37,Concrete,1,297.0,210.0,0.0,86.0,0.44,130.0,0,0.77,4.0,0,0,895.0,1166,22.0,1,177.2,2107.0,2203.0,2152.0,2154,48,3
C37,Concrete,1,297.0,210.0,0.0,86.0,0.44,130.0,0,0.77,4.0,0,0,895.0,1166,22.0,3,177.2,3649.0,3733.0,3555.0,3646,89,3
C37,Concrete,1,297.0,210.0,0.0,86.0,0.44,130.0,0,0.77,4.0,0,0,895.0,1166,22.0,5,177.2,3981.0,4326.0,4434.0,4247,237,3
C37,Concrete,1,297.0,210.0,0.0,86.0,0.44,130.0,0,0.77,4.0,0,0,895.0,1166,22.0,14,177.2,6382.0,5566.0,5737.0,5895,430,3
C37,Concrete,1,297.0,210.0,0.0,86.0,0.44,130.0,0,0.77,4.0,0,0,895.0,1166,22.0,28,177.2,7292.0,6946.0,6539.0,6926,377,3
C38,Concrete,1,260.0,184.0,0.0,76.0,0.5,130.0,0,0.0,0.0,0,0,909.0,1184,22.0,1,154.15,1084.0,1171.0,1128.0,1128,44,3
C38,Concrete,1,260.0,184.0,0.0,76.0,0.5,130.0,0,0.0,0.0,0,0,909.0,1184,22.0,3,154.15,2507.0,2464.0,2493.0,2488,22,3
C38,Concrete,1,260.0,184.0,0.0,76.0,0.5,130.0,0,0.0,0.0,0,0,909.0,1184,22.0,5,154.15,2841.0,3068.0,3247.0,3052,203,3
C38,Concrete,1,260.0,184.0,0.0,76.0,0.5,130.0,0,0.0,0.0,0,0,909.0,1184,22.0,14,154.15,4637.0,4689.0,4638.0,4655,30,3
C38,Concrete,1,260.0,184.0,0.0,76.0,0.5,130.0,0,0.0,0.0,0,0,909.0,1184,22.0,28,154.15,5347.0,5018.0,5339.0,5235,188,3
C39,Concrete,1,448.0,225.0,0.0,223.0,0.4,179.0,0,0.0,0.0,0,0,758.0,1073,22.0,1,197.15,1416.0,1548.0,1467.0,1477,67,3
C39,Concrete,1,448.0,225.0,0.0,223.0,0.4,179.0,0,0.0,0.0,0,0,758.0,1073,22.0,3,197.15,3173.0,3238.0,3271.0,3227,50,3
C39,Concrete,1,448.0,225.0,0.0,223.0,0.4,179.0,0,0.0,0.0,0,0,758.0,1073,22.0,5,197.15,3754.0,4054.0,4021.0,3943,165,3
C39,Concrete,1,448.0,225.0,0.0,223.0,0.4,179.0,0,0.0,0.0,0,0,758.0,1073,22.0,14,197.15,5748.0,6284.0,5470.0,5834,414,3
C39,Concrete,1,448.0,225.0,0.0,223.0,0.4,179.0,0,0.0,0.0,0,0,758.0,1073,22.0,28,197.15,6040.0,6841.0,7096.0,6659,551,3
C40,Concrete,1,370.0,179.0,0.0,191.0,0.4,148.0,0,0.51,2.1,0,0,898.0,1051,22.0,1,161.0,1991.0,2160.0,1964.0,2038,106,3
C40,Concrete,1,370.0,179.0,0.0,191.0,0.4,148.0,0,0.51,2.1,0,0,898.0,1051,22.0,3,161.0,3786.0,3504.0,3487.0,3592,168,3
C40,Concrete,1,370.0,179.0,0.0,191.0,0.4,148.0,0,0.51,2.1,0,0,898.0,1051,22.0,5,161.0,4208.0,4527.0,4458.0,4398,168,3
C40,Concrete,1,370.0,179.0,0.0,191.0,0.4,148.0,0,0.51,2.1,0,0,898.0,1051,22.0,14,161.0,5452.0,6149.0,5669.0,5757,357,3
C40,Concrete,1,370.0,179.0,0.0,191.0,0.4,148.0,0,0.51,2.1,0,0,898.0,1051,22.0,28,161.0,6768.0,6832.0,6698.0,6766,67,3
C41,Concrete,1,370.0,179.0,0.0,191.0,0.45,167.0,0,0.0,0.0,0,0,849.0,1051,22.0,1,160.0,1573.0,1533.0,1438.0,1515,69,3
C41,Concrete,1,370.0,179.0,0.0,191.0,0.45,167.0,0,0.0,0.0,0,0,849.0,1051,22.0,3,160.0,3029.0,2980.0,2985.0,2998,27,3
C41,Concrete,1,370.0,179.0,0.0,191.0,0.45,167.0,0,0.0,0.0,0,0,849.0,1051,22.0,5,160.0,3660.0,3330.0,3477.0,3489,165,3
C41,Concrete,1,370.0,179.0,0.0,191.0,0.45,167.0,0,0.0,0.0,0,0,849.0,1051,22.0,14,160.0,5125.0,5805.0,5752.0,5561,378,3
C41,Concrete,1,370.0,179.0,0.0,191.0,0.45,167.0,0,0.0,0.0,0,0,849.0,1051,22.0,28,160.0,6343.0,6190.0,6154.0,6229,100,3
C42,Concrete,1,370.0,179.0,0.0,191.0,0.5,185.0,0,0.0,0.0,0,0,800.0,1051,22.0,1,160.0,854.0,883.0,872.0,870,15,3
C42,Concrete,1,370.0,179.0,0.0,191.0,0.5,185.0,0,0.0,0.0,0,0,800.0,1051,22.0,3,161.0,2039.0,1981.0,2008.0,2009,29,3
C42,Concrete,1,370.0,179.0,0.0,191.0,0.5,185.0,0,0.0,0.0,0,0,800.0,1051,22.0,5,161.0,2777.0,2663.0,2848.0,2763,93,3
C42,Concrete,1,370.0,179.0,0.0,191.0,0.5,185.0,0,0.0,0.0,0,0,800.0,1051,22.0,14,161.0,4272.0,4275.0,4570.0,4372,171,3
C42,Concrete,1,370.0,179.0,0.0,191.0,0.5,185.0,0,0.0,0.0,0,0,800.0,1051,22.0,28,161.0,5277.0,4595.0,4846.0,4906,345,3
C43,Concrete,1,334.0,162.0,0.0,172.0,0.39,130.0,0,0.77,3.5,0,0,961.0,1068,22.0,1,146.0,1240.0,1344.0,1247.0,1277,58,3
C43,Concrete,1,334.0,162.0,0.0,172.0,0.39,130.0,0,0.77,3.5,0,0,961.0,1068,22.0,3,146.0,2955.0,3000.0,2749.0,2901,134,3
C43,Concrete,1,334.0,162.0,0.0,172.0,0.39,130.0,0,0.77,3.5,0,0,961.0,1068,22.0,5,146.0,3920.0,3762.0,3696.0,3793,115,3
C43,Concrete,1,334.0,162.0,0.0,172.0,0.39,130.0,0,0.77,3.5,0,0,961.0,1068,22.0,14,146.0,4947.0,5027.0,5301.0,5092,186,3
C43,Concrete,1,334.0,162.0,0.0,172.0,0.39,130.0,0,0.77,3.5,0,0,961.0,1068,22.0,28,146.0,5542.0,5828.0,5579.0,5650,156,3
C44,Concrete,1,297.0,144.0,0.0,153.0,0.44,131.0,0,0.77,4.0,0,0,977.0,1085,22.0,1,132.0,1496.0,1533.0,1647.0,1559,79,3
C44,Concrete,1,297.0,144.0,0.0,153.0,0.44,131.0,0,0.77,4.0,0,0,977.0,1085,22.0,3,132.0,3191.0,2873.0,2928.0,2997,170,3
C44,Concrete,1,297.0,144.0,0.0,153.0,0.44,131.0,0,0.77,4.0,0,0,977.0,1085,22.0,5,132.0,3855.0,4040.0,4082.0,3992,121,3
C44,Concrete,1,297.0,144.0,0.0,153.0,0.44,131.0,0,0.77,4.0,0,0,977.0,1085,22.0,14,132.0,5621.0,5928.0,5673.0,5741,164,3
C44,Concrete,1,297.0,144.0,0.0,153.0,0.44,131.0,0,0.77,4.0,0,0,977.0,1085,22.0,28,132.0,6002.0,6321.0,6455.0,6259,233,3
C45,Concrete,1,260.0,126.0,0.0,134.0,0.5,130.0,0,1.28,7.6,0,0,992.0,1103,22.0,1,116.0,668.0,756.0,707.0,710,44,3
C45,Concrete,1,260.0,126.0,0.0,134.0,0.5,130.0,0,1.28,7.6,0,0,992.0,1103,22.0,3,116.0,1971.0,2045.0,2012.0,2009,37,3
C45,Concrete,1,260.0,126.0,0.0,134.0,0.5,130.0,0,1.28,7.6,0,0,992.0,1103,22.0,5,116.0,2795.0,3041.0,2943.0,2926,124,3
C45,Concrete,1,260.0,126.0,0.0,134.0,0.5,130.0,0,1.28,7.6,0,0,992.0,1103,22.0,14,116.0,4536.0,4271.0,4558.0,4455,160,3
C45,Concrete,1,260.0,126.0,0.0,134.0,0.5,130.0,0,1.28,7.6,0,0,992.0,1103,22.0,28,116.0,4935.0,4972.0,5156.0,5021,118,3
C46,Concrete,1,297.0,210.0,0.0,86.0,0.44,130.0,0,1.28,6.6,0,0,895.0,1166,22.0,1,178.0,2352.0,2225.0,2182.0,2253,88,3
C46,Concrete,1,297.0,210.0,0.0,86.0,0.44,130.0,0,1.28,6.6,0,0,895.0,1166,22.0,3,178.0,3272.0,3380.0,3220.0,3291,82,3
C46,Concrete,1,297.0,210.0,0.0,86.0,0.44,130.0,0,1.28,6.6,0,0,895.0,1166,22.0,5,178.0,4034.0,4356.0,4156.0,4182,163,3
C46,Concrete,1,297.0,210.0,0.0,86.0,0.44,130.0,0,1.28,6.6,0,0,895.0,1166,22.0,14,178.0,5124.0,5472.0,5153.0,5250,193,3
C46,Concrete,1,297.0,210.0,0.0,86.0,0.44,130.0,0,1.28,6.6,0,0,895.0,1166,22.0,28,178.0,6000.0,5948.0,6025.0,5991,39,3
C47,Concrete,1,297.0,210.0,0.0,86.0,0.44,130.0,0,1.02,5.3,0,0,895.0,1166,10.0,1,178.0,1493.0,1558.0,1746.0,1599,131,3
C47,Concrete,1,297.0,210.0,0.0,86.0,0.44,130.0,0,1.02,5.3,0,0,895.0,1166,10.0,3,178.0,2286.0,2079.0,2244.0,2203,109,3
C47,Concrete,1,297.0,210.0,0.0,86.0,0.44,130.0,0,1.02,5.3,0,0,895.0,1166,10.0,5,178.0,3124.0,2939.0,2988.0,3017,96,3
C47,Concrete,1,297.0,210.0,0.0,86.0,0.44,130.0,0,1.02,5.3,0,0,895.0,1166,10.0,14,178.0,4661.0,4335.0,4533.0,4510,164,3
C47,Concrete,1,297.0,210.0,0.0,86.0,0.44,130.0,0,1.02,5.3,0,0,895.0,1166,10.0,28,178.0,5320.0,5423.0,5822.0,5522,265,3
C48,Concrete,1,300.0,180.0,30.0,90.0,0.44,132.0,0,0.5,2.6,0,0,895.0,1166,22.0,1,154.0,1406.0,1440.0,1319.0,1388,62,3
C48,Concrete,1,300.0,180.0,30.0,90.0,0.44,132.0,0,0.5,2.6,0,0,895.0,1166,22.0,3,154.0,2730.0,2535.0,2743.0,2669,117,3
C48,Concrete,1,300.0,180.0,30.0,90.0,0.44,132.0,0,0.5,2.6,0,0,895.0,1166,22.0,5,154.0,3397.0,3197.0,3640.0,3411,222,3
C48,Concrete,1,300.0,180.0,30.0,90.0,0.44,132.0,0,0.5,2.6,0,0,895.0,1166,22.0,14,154.0,4748.0,5127.0,5033.0,4969,197,3
C48,Concrete,1,300.0,180.0,30.0,90.0,0.44,132.0,0,0.5,2.6,0,0,895.0,1166,22.0,28,154.0,5426.0,5289.0,5394.0,5370,72,3
C49,Concrete,1,300.0,150.0,60.0,90.0,0.44,132.0,0,0.75,3.8,0,0,895.0,1166,22.0,1,133.0,1030.0,1038.0,1045.0,1038,8,3
C49,Concrete,1,300.0,150.0,60.0,90.0,0.44,132.0,0,0.75,3.8,0,0,895.0,1166,22.0,3,133.0,2414.0,2235.0,2593.0,2414,179,3
C49,Concrete,1,300.0,150.0,60.0,90.0,0.44,132.0,0,0.75,3.8,0,0,895.0,1166,22.0,5,133.0,3223.0,3069.0,2705.0,2999,266,3
C49,Concrete,1,300.0,150.0,60.0,90.0,0.44,132.0,0,0.75,3.8,0,0,895.0,1166,22.0,14,133.0,4933.0,4999.0,4832.0,4921,84,3
C49,Concrete,1,300.0,150.0,60.0,90.0,0.44,132.0,0,0.75,3.8,0,0,895.0,1166,22.0,28,133.0,5194.0,4880.0,5336.0,5137,233,3
C50,Concrete,1,300.0,150.0,30.0,120.0,0.44,132.0,0,1.25,6.4,0,0,895.0,1166,22.0,1,136.0,1112.0,1162.0,1231.0,1168,60,3
C50,Concrete,1,300.0,150.0,30.0,120.0,0.44,132.0,0,1.25,6.4,0,0,895.0,1166,22.0,3,136.0,3102.0,3222.0,3304.0,3209,102,3
C50,Concrete,1,300.0,150.0,30.0,120.0,0.44,132.0,0,1.25,6.4,0,0,895.0,1166,22.0,5,136.0,3921.0,4023.0,4107.0,4017,93,3
C50,Concrete,1,300.0,150.0,30.0,120.0,0.44,132.0,0,1.25,6.4,0,0,895.0,1166,22.0,14,136.0,5351.0,5710.0,5523.0,5528,180,3
C50,Concrete,1,300.0,150.0,30.0,120.0,0.44,132.0,0,1.25,6.4,0,0,895.0,1166,22.0,28,136.0,5848.0,6255.0,6384.0,6162,280,3
C51,Concrete,1,300.0,210.0,0.0,90.0,0.4,120.0,0,2.0,10.2,0,0,895.0,1166,22.0,1,181.0,2923.0,2904.0,3092.0,2973,103,3
C51,Concrete,1,300.0,210.0,0.0,90.0,0.4,120.0,0,2.0,10.2,0,0,895.0,1166,22.0,3,181.0,4885.0,4837.0,4879.0,4867,26,3
C51,Concrete,1,300.0,210.0,0.0,90.0,0.4,120.0,0,2.0,10.2,0,0,895.0,1166,22.0,5,181.0,5877.0,6328.0,5741.0,5982,307,3
C51,Concrete,1,300.0,210.0,0.0,90.0,0.4,120.0,0,2.0,10.2,0,0,895.0,1166,22.0,14,181.0,7848.0,7311.0,7478.0,7546,275,3
C51,Concrete,1,300.0,210.0,0.0,90.0,0.4,120.0,0,2.0,10.2,0,0,895.0,1166,22.0,28,181.0,8201.0,8241.0,8285.0,8242,42,3
C52,Concrete,1,300.0,180.0,30.0,90.0,0.4,120.0,0,1.25,6.4,0,0,895.0,1166,22.0,1,156.0,1505.0,1653.0,1744.0,1634,121,3
C52,Concrete,1,300.0,180.0,30.0,90.0,0.4,120.0,0,1.25,6.4,0,0,895.0,1166,22.0,3,156.0,3238.0,3225.0,3270.0,3244,23,3
C52,Concrete,1,300.0,180.0,30.0,90.0,0.4,120.0,0,1.25,6.4,0,0,895.0,1166,22.0,5,156.0,4151.0,4155.0,4319.0,4208,96,3
C52,Concrete,1,300.0,180.0,30.0,90.0,0.4,120.0,0,1.25,6.4,0,0,895.0,1166,22.0,14,156.0,6095.0,6543.0,6207.0,6282,233,3
C52,Concrete,1,300.0,180.0,30.0,90.0,0.4,120.0,0,1.25,6.4,0,0,895.0,1166,22.0,28,156.0,6757.0,6490.0,6429.0,6559,174,3
C53,Concrete,1,300.0,150.0,60.0,90.0,0.4,120.0,0,1.0,5.1,0,0,895.0,1166,22.0,1,134.0,1182.0,1116.0,1081.0,1126,51,3
C53,Concrete,1,300.0,150.0,60.0,90.0,0.4,120.0,0,1.0,5.1,0,0,895.0,1166,22.0,3,134.0,2609.0,2651.0,2636.0,2632,21,3
C53,Concrete,1,300.0,150.0,60.0,90.0,0.4,120.0,0,1.0,5.1,0,0,895.0,1166,22.0,5,134.0,3426.0,3446.0,3785.0,3552,202,3
C53,Concrete,1,300.0,150.0,60.0,90.0,0.4,120.0,0,1.0,5.1,0,0,895.0,1166,22.0,14,134.0,5084.0,4780.0,5457.0,5107,339,3
C53,Concrete,1,300.0,150.0,60.0,90.0,0.4,120.0,0,1.0,5.1,0,0,895.0,1166,22.0,28,134.0,5691.0,6004.0,5344.0,5680,330,3
C54,Concrete,1,300.0,150.0,30.0,120.0,0.4,120.0,0,1.25,6.4,0,0,895.0,1166,22.0,1,136.0,1594.0,1732.0,1698.0,1675,72,3
C54,Concrete,1,300.0,150.0,30.0,120.0,0.4,120.0,0,1.25,6.4,0,0,895.0,1166,22.0,3,136.0,3524.0,3746.0,3561.0,3610,119,3
C54,Concrete,1,300.0,150.0,30.0,120.0,0.4,120.0,0,1.25,6.4,0,0,895.0,1166,22.0,5,136.0,4633.0,5062.0,4647.0,4781,244,3
C54,Concrete,1,300.0,150.0,30.0,120.0,0.4,120.0,0,1.25,6.4,0,0,895.0,1166,22.0,14,136.0,6661.0,6952.0,6473.0,6695,241,3
C54,Concrete,1,300.0,150.0,30.0,120.0,0.4,120.0,0,1.25,6.4,0,0,895.0,1166,22.0,28,136.0,6948.0,7025.0,7364.0,7112,221,3
