variant,stage,data,seed,n_train,loo_rmse,loo_mae,loo_mean_lpd,loo_pit_ks,loo_coverage_95,loo_crps,bloo_rmse,bloo_mae,bloo_mean_lpd,bloo_pit_ks,bloo_coverage_95,bloo_crps,bloo_n_blocks,bloo_avg_block_size,ell_time_blind,max_blind_lengthscale,min_blind_lengthscale,binder_within_ratio,aggregate_within_ratio,ell_time_specific,ell_time_rbf,bloo_set12_rmse,bloo_set12_mae,bloo_set12_mean_lpd,bloo_set12_pit_ks,bloo_set12_coverage_95,bloo_set12_crps,bloo_set12_n_rows,wall_clock_sec,set3_rmse,set3_mae,set3_mean_lpd,set3_pit_ks,set3_coverage_95,set3_crps,holdout_class,n_test,holdout_rmse,holdout_mae,holdout_mean_lpd,holdout_pit_ks,holdout_coverage_95,holdout_crps,set3_class
stage0_pre_v5_hamming_bare,0.0,pre_v5,0,647,508.46669687449537,361.8338237865762,-7.624780057753834,0.0662118663932114,0.9412673711776732,271.21253322528935,724.7230462951699,550.2123450711366,-8.007726020003174,0.0417619739040679,0.9242658615112304,405.17932936318266,144.0,4.493055555555555,18.622380601188272,18.622380601188272,0.6215159526158841,1.0000029650390228,1.0000008579426531,14.74044742272811,72.2551379920789,847.9305236073857,663.8205749927255,-8.280264106492895,0.0476416207514526,0.903797447681427,495.34210297509594,395.0,68.39117097854614,,,,,,,,,,,,,,,
stage0_pre_v5_hamming_bare,0.0,pre_v5,1,647,508.46669687449537,361.8338237865762,-7.624780057753834,0.0662118663932114,0.9412673711776732,271.21253322528935,724.7230462951699,550.2123450711366,-8.007726020003174,0.0417619739040679,0.9242658615112304,405.17932936318266,144.0,4.493055555555555,18.622380601188272,18.622380601188272,0.6215159526158841,1.0000029650390228,1.0000008579426531,14.74044742272811,72.2551379920789,847.9305236073857,663.8205749927255,-8.280264106492895,0.0476416207514526,0.903797447681427,495.34210297509594,395.0,69.48170113563538,,,,,,,,,,,,,,,
stage0_pre_v5_hamming_bare,0.0,pre_v5,2,647,508.46669687449537,361.8338237865762,-7.624780057753834,0.0662118663932114,0.9412673711776732,271.21253322528935,724.7230462951699,550.2123450711366,-8.007726020003174,0.0417619739040679,0.9242658615112304,405.17932936318266,144.0,4.493055555555555,18.622380601188272,18.622380601188272,0.6215159526158841,1.0000029650390228,1.0000008579426531,14.74044742272811,72.2551379920789,847.9305236073857,663.8205749927255,-8.280264106492895,0.0476416207514526,0.903797447681427,495.34210297509594,395.0,70.29461884498596,,,,,,,,,,,,,,,
stage0_pre_v5_hamming_lognormal_timetie,0.0,pre_v5,0,647,526.363504766808,376.2823205112279,-7.667566068687818,0.0714731381098465,0.9459041953086852,282.10486177410854,717.5069054136857,549.6430253080835,-8.049801340248099,0.0279403360987539,0.927357017993927,404.5867019774887,144.0,4.493055555555555,9.560952590319692,9.560952590319692,0.5073950596568859,1.0000645021142835,1.0001435315944782,10.295434400559111,13.387655832903176,838.5160407905759,661.6869678040684,-8.356988959660217,0.0476721473623445,0.8987341523170471,494.65042157473624,395.0,31.858778715133667,,,,,,,,,,,,,,,
stage0_pre_v5_hamming_lognormal_timetie,0.0,pre_v5,1,647,526.363504766808,376.2823205112279,-7.667566068687818,0.0714731381098465,0.9459041953086852,282.10486177410854,717.5069054136857,549.6430253080835,-8.049801340248099,0.0279403360987539,0.927357017993927,404.5867019774887,144.0,4.493055555555555,9.560952590319692,9.560952590319692,0.5073950596568859,1.0000645021142835,1.0001435315944782,10.295434400559111,13.387655832903176,838.5160407905759,661.6869678040684,-8.356988959660217,0.0476721473623445,0.8987341523170471,494.65042157473624,395.0,32.03457307815552,,,,,,,,,,,,,,,
stage0_pre_v5_hamming_lognormal_timetie,0.0,pre_v5,2,647,526.363504766808,376.2823205112279,-7.667566068687818,0.0714731381098465,0.9459041953086852,282.10486177410854,717.5069054136857,549.6430253080835,-8.049801340248099,0.0279403360987539,0.927357017993927,404.5867019774887,144.0,4.493055555555555,9.560952590319692,9.560952590319692,0.5073950596568859,1.0000645021142835,1.0001435315944782,10.295434400559111,13.387655832903176,838.5160407905759,661.6869678040684,-8.356988959660217,0.0476721473623445,0.8987341523170471,494.65042157473624,395.0,32.10609817504883,,,,,,,,,,,,,,,
stage0_pre_v5_indexkernel_r2_bare,0.0,pre_v5,0,647,535.3389539954113,366.4940208602181,-7.659835022266369,0.0822190136997812,0.9350849986076356,278.93785077793586,733.9418891521346,558.6542249530564,-8.086605321283198,0.0524674690148042,0.9350849986076356,414.69447702407217,144.0,4.493055555555555,8.469656476616795,8.469656476616795,0.0871118989700068,1.0000100326775705,1.000000171756889,46.87849961129404,50.547424313014915,861.2124525099833,665.7867583563567,-8.410191389967029,0.0711857450589974,0.9012657999992372,508.24200701169417,395.0,66.01762413978577,,,,,,,,,,,,,,,
stage0_pre_v5_indexkernel_r2_bare,0.0,pre_v5,1,647,509.6364726336029,367.55091100447567,-7.625801359941264,0.0599141568587796,0.9505409598350524,273.0272383031906,736.7154657138459,554.4327074767886,-7.975788326406681,0.0260942818330495,0.9443585872650146,402.8851074375895,144.0,4.493055555555555,14.82237374097257,21.90422576395881,0.5705608886390302,1.0000033511787074,1.0000014049677943,20.356323709158644,56.20883159872646,873.0607865815631,679.9729143997596,-8.267790938662959,0.0295558883856529,0.9316455721855164,499.6533672671376,395.0,164.24302291870117,,,,,,,,,,,,,,,
stage0_pre_v5_indexkernel_r2_bare,0.0,pre_v5,2,647,498.4090066306213,344.58760623344693,-7.567730116802643,0.0825328508372605,0.9412673711776732,259.1119335182689,718.549907976449,527.2888991115939,-7.927278365144682,0.0532047954387496,0.9443585872650146,388.9083051599197,144.0,4.493055555555555,619.0804327160262,619.0804327160262,0.0771439213574363,1.0000017585542738,1.0000053183568982,51.86380962139392,999.9999999999998,850.8460097582079,646.3904016715069,-8.177095328444448,0.0714966755730229,0.944303810596466,478.6749643339641,395.0,133.74231910705566,,,,,,,,,,,,,,,
stage0_pre_v5_indexkernel_r2_lognormal_timetie,0.0,pre_v5,0,647,495.2372653195477,345.49449524797006,-7.587721084898835,0.0830533065590455,0.9304482340812684,260.1072541029212,752.9901424482495,567.359378283048,-8.080781640145903,0.0412343669901974,0.9242658615112304,427.84989992881026,144.0,4.493055555555555,6.6544156664396175,6.6544156664396175,0.1074856166706958,1.0000093220756727,1.0000046916278906,7.251778525109504,7.606363819142267,878.2921722852019,680.1589385499295,-8.36137705521419,0.0619939866410296,0.9088607430458068,521.3430092936703,395.0,99.91291880607604,,,,,,,,,,,,,,,
stage0_pre_v5_indexkernel_r2_lognormal_timetie,0.0,pre_v5,1,647,537.1075293265226,367.7390363318396,-7.664328609536956,0.0832485405615464,0.9381762146949768,279.69067141922375,729.8572208156088,555.5456827412247,-8.08571304147584,0.048360187577405,0.9366306066513062,412.9546851809942,144.0,4.493055555555555,6.901888240567819,6.901888240567819,0.0839361677482885,1.0000103696000249,1.0000010781531867,7.625110257327467,7.547918562656021,856.2271525434562,661.9845479084996,-8.410424491865498,0.0590385970593962,0.903797447681427,506.0869324272482,395.0,99.2181978225708,,,,,,,,,,,,,,,
stage0_pre_v5_indexkernel_r2_lognormal_timetie,0.0,pre_v5,2,647,495.55212558027125,346.3644574936669,-7.568382005662625,0.075350113957506,0.942812979221344,259.16027158027714,733.1603589340564,537.7464320591196,-7.958142612713573,0.0611176242996489,0.9459041953086852,397.9085402910857,144.0,4.493055555555555,7.1849051263305945,7.58240174440828,0.0672065459336844,1.000001327993419,1.000007371490372,5.424185902979658,6.496701570685542,869.2214293086571,660.9398331278196,-8.220625109115577,0.0593529069087699,0.946835458278656,491.86994917811194,395.0,142.3971300125122,,,,,,,,,,,,,,,
stage1_v5_indexkernel_r2_bare,1.0,v5,0,659,569.3637735270122,404.6720246052445,-7.756699773706474,0.0722009976167608,0.94840669631958,302.7357490768951,759.5499143626042,567.5679668320943,-7.992678977878203,0.0333937234968422,0.9544764757156372,410.3439818920173,145.0,4.544827586206897,97.93763501207724,97.93763501207724,0.671167190433315,1.0000056041240526,1.000000831271468,16.126547173746697,72.89542808875734,897.0597689486814,690.4318731245098,-8.25760732786834,0.0335987843999304,0.9312039017677308,503.128021348621,407.0,137.7132589817047,,,,,,,,,,,,,,,
stage1_v5_indexkernel_r2_bare,1.0,v5,1,659,554.0452333630159,386.9738986348645,-7.727777518087066,0.07227742266352,0.949924111366272,292.17770958964235,755.6850708515703,561.2611554062005,-7.9654196282925405,0.0402018914995602,0.9605462551116944,406.15972550174246,145.0,4.544827586206897,128.23756172948055,128.23756172948055,0.06177367494903,1.0000031899255948,1.000001269179846,17.080974341545776,119.59906565928011,897.0696563162668,692.5442431343629,-8.239516008926431,0.0431398017984765,0.945945918560028,503.1667436132676,407.0,147.04947710037231,,,,,,,,,,,,,,,
stage1_v5_indexkernel_r2_bare,1.0,v5,2,659,569.3608728000479,404.73267753004615,-7.756643269072541,0.0730407343937507,0.9468892216682434,302.7718631868784,776.6622150204116,574.8688934314029,-7.990106944443502,0.0365262819206332,0.9514415860176086,413.06554857198654,145.0,4.544827586206897,354.4643144066731,354.4643144066731,0.5938579657229011,1.0000075045296646,1.000002024862595,35.36849450418627,69.1274160938083,925.03312784615,708.6219733448343,-8.262048994354698,0.0343562333732599,0.9262899160385132,511.3318851305147,407.0,150.13253593444824,,,,,,,,,,,,,,,
stage2a_v5_hamming_bare,2.0,v5,0,659,593.9292813811854,420.16173629104,-7.795237933107729,0.0712620379412944,0.9468892216682434,316.0873570505306,703.7480788565127,527.0633764309014,-7.9762878370919585,0.0408256635275293,0.9453717470169068,390.3278774125669,145.0,4.544827586206897,40.237374489068486,40.237374489068486,0.8717374328452191,1.0000018759205522,1.0000004653459709,23.879177399737134,80.91840000424799,821.7555950596384,631.9823348074431,-8.222982476677231,0.0415786112432026,0.916461944580078,471.74430097862063,407.0,51.35852789878845,,,,,,,,,,,,,,,
stage2a_v5_hamming_bare,2.0,v5,1,659,593.9292813811854,420.16173629104,-7.795237933107729,0.0712620379412944,0.9468892216682434,316.0873570505306,703.7480788565127,527.0633764309014,-7.9762878370919585,0.0408256635275293,0.9453717470169068,390.3278774125669,145.0,4.544827586206897,40.237374489068486,40.237374489068486,0.8717374328452191,1.0000018759205522,1.0000004653459709,23.879177399737134,80.91840000424799,821.7555950596384,631.9823348074431,-8.222982476677231,0.0415786112432026,0.916461944580078,471.74430097862063,407.0,51.52004885673523,,,,,,,,,,,,,,,
stage2a_v5_hamming_bare,2.0,v5,2,659,593.9292813811854,420.16173629104,-7.795237933107729,0.0712620379412944,0.9468892216682434,316.0873570505306,703.7480788565127,527.0633764309014,-7.9762878370919585,0.0408256635275293,0.9453717470169068,390.3278774125669,145.0,4.544827586206897,40.237374489068486,40.237374489068486,0.8717374328452191,1.0000018759205522,1.0000004653459709,23.879177399737134,80.91840000424799,821.7555950596384,631.9823348074431,-8.222982476677231,0.0415786112432026,0.916461944580078,471.74430097862063,407.0,51.33760690689087,,,,,,,,,,,,,,,
stage3_v5_indexkernel_r2_lognormal,3.0,v5,0,659,560.565597595897,394.9653944834247,-7.742491978313672,0.0725955694822968,0.9514415860176086,297.0238335909459,763.7714270953859,571.5575346352255,-7.980910448751057,0.0358621978260468,0.9605462551116944,412.1489723369054,145.0,4.544827586206897,10.152882015216134,10.152882015216134,0.7991485674393518,1.000003349138421,1.000000121283198,4.480658477624213,39.93104424577877,903.3741176979952,698.7783064680755,-8.243092747737265,0.0310957706855549,0.9434889554977416,506.9196558796075,407.0,64.10476517677307,,,,,,,,,,,,,,,
stage3_v5_indexkernel_r2_lognormal,3.0,v5,1,659,560.8570031014318,395.42903186929846,-7.742731539345723,0.0726125146233553,0.949924111366272,297.2085470049055,763.6667576332256,571.7530657951991,-7.98203009249371,0.0355055366662817,0.9590288400650024,412.5078251723005,145.0,4.544827586206897,9.232080553153931,9.232080553153931,0.5297297763290698,1.0000041781974425,1.0000012476456708,4.632908610475648,41.785121238481224,903.0250804587424,698.8569554474552,-8.245094366467136,0.0316797843890696,0.9410319328308104,507.49376913943473,407.0,117.622652053833,,,,,,,,,,,,,,,
stage3_v5_indexkernel_r2_lognormal,3.0,v5,2,659,556.4351954672021,387.65869251474663,-7.737134117157352,0.0836502950846745,0.9453717470169068,293.34204401378537,770.0564901837992,569.564428916525,-8.012053304796192,0.0409517216553544,0.949924111366272,416.8546858545838,145.0,4.544827586206897,9.052978143022209,9.052978143022209,0.6033724085422287,1.0000027984090152,1.000001523355666,4.165358496753798,39.22408036773432,908.4375361874628,693.1500215928879,-8.272490944289686,0.041702285405766,0.936117947101593,510.4088613381027,407.0,111.47001194953918,,,,,,,,,,,,,,,
stage3_5a_v5_indexkernel_r2_timetie,3.5,v5,0,659,569.746738506623,405.0231119289096,-7.75677697958784,0.0730241592056943,0.94840669631958,302.9472481306221,778.5024601263805,575.5680530975535,-7.989704080989295,0.0356027729402103,0.9529590010643004,413.6129674139434,145.0,4.544827586206897,99.18349951207033,99.18349951207033,0.6450854289562777,1.000006745059869,1.0000008546658334,97.8351235607972,97.63203727598464,927.8314008948756,710.1654619947857,-8.262351325035848,0.0334028537195899,0.9287469387054444,512.5421833937627,407.0,132.14452409744263,,,,,,,,,,,,,,,
stage3_5a_v5_indexkernel_r2_timetie,3.5,v5,1,659,559.8475066357611,389.5012025677919,-7.73427253814066,0.0855661214826573,0.94840669631958,293.04785866220334,772.5856061710756,571.3585351744517,-8.002491829231339,0.0380925291294428,0.9575113654136658,414.6510573669552,145.0,4.544827586206897,94.32011945878249,94.32011945878249,0.5253050563272924,1.0000027089839656,1.000000636194719,93.58400560769007,93.69363247426752,913.8556154540344,693.14687071654,-8.265385912861987,0.0395656963016963,0.936117947101593,507.9273675158539,407.0,125.54464912414552,,,,,,,,,,,,,,,
stage3_5a_v5_indexkernel_r2_timetie,3.5,v5,2,659,562.2790220603476,394.84352665858023,-7.743860280232924,0.0777989391902574,0.9438543319702148,297.40679943516307,759.9461044626751,561.9892571391575,-7.993185153161848,0.036740795701855,0.9544764757156372,409.3250197924032,145.0,4.544827586206897,92.89560383154328,92.89560383154328,0.0635916732945812,1.000004768797971,1.0000014007434253,91.7082865782459,91.60839143683944,904.3441057819292,692.4834584990446,-8.28105459522839,0.0426069272274605,0.9312039017677308,508.5768398619944,407.0,181.9534010887146,,,,,,,,,,,,,,,
stage3_5b_v5_indexkernel_r2_lognormal_timetie,3.5,v5,0,659,560.5728559560833,395.1136879299328,-7.742443165120048,0.0735946244873617,0.949924111366272,297.07430808039106,761.1217691338421,571.0029755602948,-7.980323982292143,0.0369560065326456,0.9605462551116944,411.58731274135226,145.0,4.544827586206897,7.611530177296072,7.611530177296072,0.7642292665405189,1.000004515303627,1.0000008078082414,6.49123988523174,7.577173575356562,899.2048387903577,697.4059110196998,-8.24178335365284,0.0331525731512731,0.9434889554977416,505.7736244316462,407.0,136.52061009407043,,,,,,,,,,,,,,,
stage3_5b_v5_indexkernel_r2_lognormal_timetie,3.5,v5,1,659,560.6887296889022,395.2264814818749,-7.742826952732446,0.075346349882997,0.9529590010643004,297.13781921230014,762.049193865959,570.9264337340167,-7.980793748292852,0.0377382586515447,0.9590288400650024,411.94866524695993,145.0,4.544827586206897,7.432703635778107,7.432703635778107,0.7256224909043612,1.0000041746907096,1.000001705977476,6.182407383105189,7.005909154830554,900.4965738182694,697.3997919543962,-8.243030225683938,0.031984184523111,0.9410319328308104,506.4628719608035,407.0,117.24493980407716,,,,,,,,,,,,,,,
stage3_5b_v5_indexkernel_r2_lognormal_timetie,3.5,v5,2,659,555.7631382672475,387.0297885090046,-7.736425215653666,0.081701936004606,0.9468892216682434,292.93939552282535,771.1375951001594,569.912478808808,-8.01525895709312,0.0424253560187812,0.949924111366272,417.6067629416208,145.0,4.544827586206897,7.080831923601297,7.080831923601297,0.5701600940616967,1.0000030376414184,1.0000010003981417,5.857413714335317,6.702341387382122,909.3077363739948,693.2869324377216,-8.275580545604143,0.0403442450245937,0.936117947101593,511.120223561463,407.0,127.77310419082642,,,,,,,,,,,,,,,
stage4_v5_hamming_lognormal_timetie,4.0,v5,0,659,595.3783558798971,420.8591591646868,-7.798841049564359,0.0714531545642187,0.949924111366272,316.8648199075466,711.9782649964665,530.6149313194148,-7.985327513405668,0.0428740505899767,0.9453717470169068,393.3315451730184,145.0,4.544827586206897,7.853773591598887,7.853773591598887,0.806672763162409,1.000002225345224,1.0000004669439824,6.914219294701075,8.310491435894102,833.4691695501418,638.3670083630673,-8.236506980928601,0.0387480299568427,0.916461944580078,476.8381760236032,407.0,59.93002104759216,,,,,,,,,,,,,,,
stage4_v5_hamming_lognormal_timetie,4.0,v5,1,659,595.3783558798971,420.8591591646868,-7.798841049564359,0.0714531545642187,0.949924111366272,316.8648199075466,711.9782649964665,530.6149313194148,-7.985327513405668,0.0428740505899767,0.9453717470169068,393.3315451730184,145.0,4.544827586206897,7.853773591598887,7.853773591598887,0.806672763162409,1.000002225345224,1.0000004669439824,6.914219294701075,8.310491435894102,833.4691695501418,638.3670083630673,-8.236506980928601,0.0387480299568427,0.916461944580078,476.8381760236032,407.0,60.63760805130005,,,,,,,,,,,,,,,
stage4_v5_hamming_lognormal_timetie,4.0,v5,2,659,595.3783558798971,420.8591591646868,-7.798841049564359,0.0714531545642187,0.949924111366272,316.8648199075466,711.9782649964665,530.6149313194148,-7.985327513405668,0.0428740505899767,0.9453717470169068,393.3315451730184,145.0,4.544827586206897,7.853773591598887,7.853773591598887,0.806672763162409,1.000002225345224,1.0000004669439824,6.914219294701075,8.310491435894102,833.4691695501418,638.3670083630673,-8.236506980928601,0.0387480299568427,0.916461944580078,476.8381760236032,407.0,59.21612811088562,,,,,,,,,,,,,,,
stage4_v5_indexkernel_r1_lognormal_timetie,4.0,v5,0,659,572.09064340962,397.0428750687357,-7.761387130090032,0.0802568502257106,0.94840669631958,301.0899449102514,749.9024290159997,551.8474671483222,-8.018202077377056,0.0420353565446685,0.9377844929695128,411.4143203770745,145.0,4.544827586206897,7.1799121528696634,7.1799121528696634,0.1414550051909852,1.0000011822651445,1.000001733900107,8.429535421696052,7.80435916000565,879.6510372655491,666.059162111858,-8.272672348792579,0.0427419605304374,0.9090909361839294,499.9656795262808,407.0,97.08100485801695,,,,,,,,,,,,,,,
stage4_v5_indexkernel_r1_lognormal_timetie,4.0,v5,1,659,564.6557289035137,397.0357281089558,-7.75299161584578,0.0756071698556311,0.9468892216682434,299.3247979273224,752.4918417598581,559.6477015854521,-8.016698392614565,0.0442909630910487,0.94840669631958,410.181491229177,145.0,4.544827586206897,7.376475619981364,7.376475619981364,0.520260934015051,1.0000035621277492,1.0000020047462217,6.275775486248204,7.4121182310396785,885.8353721733748,677.6906938683052,-8.281638874186743,0.0391532553736748,0.9287469387054444,500.7847405263755,407.0,134.9260129928589,,,,,,,,,,,,,,,
stage4_v5_indexkernel_r1_lognormal_timetie,4.0,v5,2,659,560.3033946978309,394.93033662356794,-7.742368932837512,0.0748411370915427,0.9529590010643004,296.94915554403207,762.6578057060792,571.4022674075172,-7.980434334774453,0.0356942005976784,0.9605462551116944,411.8536302452912,145.0,4.544827586206897,7.618262104573745,7.618262104573745,0.7676605265887751,1.000004078844032,1.00000075640313,6.261384715578141,7.252042413982701,901.4685808603896,698.3219927393594,-8.242437495653792,0.031229901595543,0.9434889554977416,506.3320872964046,407.0,115.71764087677002,,,,,,,,,,,,,,,
stage4_v5_indexkernel_r3_lognormal_timetie,4.0,v5,0,659,560.480930819979,395.14715632209743,-7.742453845609362,0.0739645153572059,0.9529590010643004,297.0768589194511,762.666463927612,571.9297098566681,-7.9804182125866365,0.0365250737596456,0.9590288400650024,412.0232317494428,145.0,4.544827586206897,7.493299454045896,7.493299454045896,0.758636393668888,1.000004278759728,1.0000013403966774,6.135066444833003,7.0104477391665,901.3328495606804,699.0785576341367,-8.24255282560731,0.0322384366868747,0.9410319328308104,506.5687658446385,407.0,145.55803298950195,,,,,,,,,,,,,,,
stage4_v5_indexkernel_r3_lognormal_timetie,4.0,v5,1,659,560.6315451964995,395.1411007178059,-7.742479417304108,0.0753994122997854,0.9514415860176086,297.07681333674634,762.6765703512182,571.5918150322758,-7.980449399768241,0.0372733837339969,0.9590288400650024,412.0113866695294,145.0,4.544827586206897,7.562046815349844,7.562046815349844,0.7580189659325509,1.0000033908343149,1.000001862326313,6.235515573996653,7.089891414984676,901.5420821751646,698.7355495749379,-8.242882499458268,0.0322515642077806,0.9410319328308104,506.6969975830012,407.0,159.5356831550598,,,,,,,,,,,,,,,
stage4_v5_indexkernel_r3_lognormal_timetie,4.0,v5,2,659,603.4880638118028,430.066147975523,-7.819544453247491,0.0657192243261389,0.9468892216682434,322.48907235657146,697.6310455160833,508.27123246948224,-7.9704295335436415,0.0663164366789488,0.9347496032714844,380.8427261958392,145.0,4.544827586206897,8.544149891206837,8.544149891206837,0.3709732546265582,1.000002336440171,1.000000431019251,7.577107569649669,8.212884390494661,818.9751337589705,610.3406018792039,-8.220412183116926,0.0562244492423332,0.8992629051208496,460.4009638286154,407.0,104.11877012252808,,,,,,,,,,,,,,,
stage1_v5_indexkernel_r2_bare,1.0,v5_set3_heldout,0,407,,,,,,,,,,,,,,,,,,,,,,,,,,,,,46.729772090911865,2083.318430060434,1764.8201595720232,-9.172514695702422,0.4938716305104643,1.0,1234.7100757379592,,,,,,,,,
stage1_v5_indexkernel_r2_bare,1.0,v5_set3_heldout,1,407,,,,,,,,,,,,,,,,,,,,,,,,,,,,,40.68909311294556,1988.7666647699252,1598.6693912939231,-9.10870855420561,0.4630578865709299,0.85317462682724,1151.2674989835066,,,,,,,,,
stage1_v5_indexkernel_r2_bare,1.0,v5_set3_heldout,2,407,,,,,,,,,,,,,,,,,,,,,,,,,,,,,29.113015174865723,2265.6465333381384,1794.308472224858,-9.193647132280775,0.2572332465687613,0.9801587462425232,1298.2805917201065,,,,,,,,,
stage2a_v5_hamming_bare,2.0,v5_set3_heldout,0,407,,,,,,,,,,,,,,,,,,,,,,,,,,,,,58.41626811027527,2125.1774786486944,1803.6282795972988,-9.170836012975853,0.4526332753352313,0.8888888955116272,1263.0309236939092,,,,,,,,,
stage2a_v5_hamming_bare,2.0,v5_set3_heldout,1,407,,,,,,,,,,,,,,,,,,,,,,,,,,,,,57.76333498954773,2125.1774786486944,1803.6282795972988,-9.170836012975853,0.4526332753352313,0.8888888955116272,1263.0309236939092,,,,,,,,,
stage2a_v5_hamming_bare,2.0,v5_set3_heldout,2,407,,,,,,,,,,,,,,,,,,,,,,,,,,,,,58.27644228935242,2125.1774786486944,1803.6282795972988,-9.170836012975853,0.4526332753352313,0.8888888955116272,1263.0309236939092,,,,,,,,,
stage3_v5_indexkernel_r2_lognormal,3.0,v5_set3_heldout,0,407,,,,,,,,,,,,,,,,,,,,,,,,,,,,,42.27008104324341,886.8010863490376,720.9996613442169,-8.99066625179137,0.2852796254558025,1.0,818.2026389894951,,,,,,,,,
stage3_v5_indexkernel_r2_lognormal,3.0,v5_set3_heldout,1,407,,,,,,,,,,,,,,,,,,,,,,,,,,,,,35.29423427581787,1529.462614735805,1227.635995459133,-8.843167949431693,0.2109230486684834,0.988095223903656,889.2367782587309,,,,,,,,,
stage3_v5_indexkernel_r2_lognormal,3.0,v5_set3_heldout,2,407,,,,,,,,,,,,,,,,,,,,,,,,,,,,,39.752378702163696,1044.8424388367648,831.3811084798599,-8.890912100559307,0.2840416826534198,1.0,783.6847055586145,,,,,,,,,
stage3_5a_v5_indexkernel_r2_timetie,3.5,v5_set3_heldout,0,407,,,,,,,,,,,,,,,,,,,,,,,,,,,,,54.924747943878174,1184.039376501204,938.6687227014094,-8.975928404870782,0.4216296101610999,1.0,862.9691906511018,,,,,,,,,
stage3_5a_v5_indexkernel_r2_timetie,3.5,v5_set3_heldout,1,407,,,,,,,,,,,,,,,,,,,,,,,,,,,,,71.86369824409485,1942.0329659912784,1646.1840034452264,-9.11781725128244,0.5537500703895633,0.8492063283920288,1150.6287606597368,,,,,,,,,
stage3_5a_v5_indexkernel_r2_timetie,3.5,v5_set3_heldout,2,407,,,,,,,,,,,,,,,,,,,,,,,,,,,,,62.32475304603577,2401.5312159610994,1969.9243914710128,-9.202677469733912,0.468800063615295,0.9682539701461792,1370.2851510786493,,,,,,,,,
stage3_5b_v5_indexkernel_r2_lognormal_timetie,3.5,v5_set3_heldout,0,407,,,,,,,,,,,,,,,,,,,,,,,,,,,,,36.87100791931152,877.3839396691991,711.4392794460595,-9.021546968096702,0.2891787641526115,1.0,838.0780485176402,,,,,,,,,
stage3_5b_v5_indexkernel_r2_lognormal_timetie,3.5,v5_set3_heldout,1,407,,,,,,,,,,,,,,,,,,,,,,,,,,,,,33.0422248840332,1200.265997657251,964.0636858382434,-8.697832350596789,0.2271477617100631,1.0,729.9925558699232,,,,,,,,,
stage3_5b_v5_indexkernel_r2_lognormal_timetie,3.5,v5_set3_heldout,2,407,,,,,,,,,,,,,,,,,,,,,,,,,,,,,35.19746398925781,1010.2141558938184,810.8193500628624,-8.872579574737005,0.2751813230432699,1.0,766.6464915218523,,,,,,,,,
stage4_v5_hamming_lognormal_timetie,4.0,v5_set3_heldout,0,407,,,,,,,,,,,,,,,,,,,,,,,,,,,,,29.75614023208618,1814.9520948108195,1515.4518264843086,-8.927098787061784,0.4139061812582092,0.9682539701461792,1048.6252191656506,,,,,,,,,
stage4_v5_hamming_lognormal_timetie,4.0,v5_set3_heldout,1,407,,,,,,,,,,,,,,,,,,,,,,,,,,,,,29.465771198272705,1814.9520948108195,1515.4518264843086,-8.927098787061784,0.4139061812582092,0.9682539701461792,1048.6252191656506,,,,,,,,,
stage4_v5_hamming_lognormal_timetie,4.0,v5_set3_heldout,2,407,,,,,,,,,,,,,,,,,,,,,,,,,,,,,29.070975065231323,1814.9520948108195,1515.4518264843086,-8.927098787061784,0.4139061812582092,0.9682539701461792,1048.6252191656506,,,,,,,,,
stage4_v5_indexkernel_r1_lognormal_timetie,4.0,v5_set3_heldout,0,407,,,,,,,,,,,,,,,,,,,,,,,,,,,,,39.72486400604248,3004.492334185086,2431.840392948256,-9.443354480656728,0.2036651864951871,0.9801587462425232,1711.669360914861,,,,,,,,,
stage4_v5_indexkernel_r1_lognormal_timetie,4.0,v5_set3_heldout,1,407,,,,,,,,,,,,,,,,,,,,,,,,,,,,,45.130061864852905,1221.9359928395702,982.4642009477076,-8.728272198471908,0.2314336269917468,1.0,748.1386346677158,,,,,,,,,
stage4_v5_indexkernel_r1_lognormal_timetie,4.0,v5_set3_heldout,2,407,,,,,,,,,,,,,,,,,,,,,,,,,,,,,38.98990797996521,1418.1640561843085,1128.164666984851,-8.793344144315403,0.2343978878163105,0.9920634627342224,832.405739064339,,,,,,,,,
stage4_v5_indexkernel_r3_lognormal_timetie,4.0,v5_set3_heldout,0,407,,,,,,,,,,,,,,,,,,,,,,,,,,,,,33.06573796272278,1012.86222748613,816.6091249389427,-8.900855653433338,0.2788476895155544,1.0,783.4877997064267,,,,,,,,,
stage4_v5_indexkernel_r3_lognormal_timetie,4.0,v5_set3_heldout,1,407,,,,,,,,,,,,,,,,,,,,,,,,,,,,,40.39289712905884,931.7141477479169,760.0894860819761,-8.953495548768972,0.3235798986861294,1.0,801.2918497768327,,,,,,,,,
stage4_v5_indexkernel_r3_lognormal_timetie,4.0,v5_set3_heldout,2,407,,,,,,,,,,,,,,,,,,,,,,,,,,,,,45.378490924835205,1039.7296403853454,829.515057269748,-8.864788983303805,0.2802420266037728,1.0,768.0597962754414,,,,,,,,,
stage2a_v5_hamming_bare,2.0,v5_class0_heldout,0,401,,,,,,,,,,,,,,,,,,,,,,,,,,,,,44.73010015487671,,,,,,,0.0,258.0,2707.2913147808003,2240.4279569622777,-9.570216262077198,0.1864104007713483,1.0,1711.0718541531646,
stage2a_v5_hamming_bare,2.0,v5_class0_heldout,1,401,,,,,,,,,,,,,,,,,,,,,,,,,,,,,41.951518297195435,,,,,,,0.0,258.0,2707.2913147808003,2240.4279569622777,-9.570216262077198,0.1864104007713483,1.0,1711.0718541531646,
stage2a_v5_hamming_bare,2.0,v5_class0_heldout,2,401,,,,,,,,,,,,,,,,,,,,,,,,,,,,,41.7705762386322,,,,,,,0.0,258.0,2707.2913147808003,2240.4279569622777,-9.570216262077198,0.1864104007713483,1.0,1711.0718541531646,
stage4_v5_hamming_lognormal_timetie,4.0,v5_class0_heldout,0,401,,,,,,,,,,,,,,,,,,,,,,,,,,,,,28.03791069984436,,,,,,,0.0,258.0,2851.944356323407,2343.183774793835,-9.526802467904885,0.1809847382176597,1.0,1717.3186819014225,
stage4_v5_hamming_lognormal_timetie,4.0,v5_class0_heldout,1,401,,,,,,,,,,,,,,,,,,,,,,,,,,,,,29.49962067604065,,,,,,,0.0,258.0,2851.944356323407,2343.183774793835,-9.526802467904885,0.1809847382176597,1.0,1717.3186819014225,
stage4_v5_hamming_lognormal_timetie,4.0,v5_class0_heldout,2,401,,,,,,,,,,,,,,,,,,,,,,,,,,,,,29.309096336364743,,,,,,,0.0,258.0,2851.944356323407,2343.183774793835,-9.526802467904885,0.1809847382176597,1.0,1717.3186819014225,
stage1_v5_indexkernel_r2_bare,1.0,v5_class0_heldout,0,401,,,,,,,,,,,,,,,,,,,,,,,,,,,,,26.769516944885257,,,,,,,0.0,258.0,7077.119755189226,5681.777262475836,-10.48866772914357,0.3436202110084865,0.8100775480270386,4145.002237259562,
stage1_v5_indexkernel_r2_bare,1.0,v5_class0_heldout,1,401,,,,,,,,,,,,,,,,,,,,,,,,,,,,,31.535212993621823,,,,,,,0.0,258.0,4004.305966454976,3273.4733031243168,-9.913574858700535,0.3687785873152508,0.7790697813034058,2369.8567609293264,
stage1_v5_indexkernel_r2_bare,1.0,v5_class0_heldout,2,401,,,,,,,,,,,,,,,,,,,,,,,,,,,,,38.773898124694824,,,,,,,0.0,258.0,3467.5089049609023,2825.605155455099,-9.621020284648012,0.2891799164325772,0.8914728760719299,2001.3707067692435,
stage3_5b_v5_indexkernel_r2_lognormal_timetie,3.5,v5_class0_heldout,0,401,,,,,,,,,,,,,,,,,,,,,,,,,,,,,26.20858097076416,,,,,,,0.0,258.0,4347.644779735082,3499.880544399202,-9.798312402243704,0.2754892874009831,0.9457364082336426,2473.147562566387,
stage3_5b_v5_indexkernel_r2_lognormal_timetie,3.5,v5_class0_heldout,1,401,,,,,,,,,,,,,,,,,,,,,,,,,,,,,32.54417824745178,,,,,,,0.0,258.0,2821.9755816325423,2300.167485792509,-9.371553554061215,0.2764560852553799,0.934108555316925,1618.4236843763508,
stage3_5b_v5_indexkernel_r2_lognormal_timetie,3.5,v5_class0_heldout,2,401,,,,,,,,,,,,,,,,,,,,,,,,,,,,,26.015680074691772,,,,,,,0.0,258.0,3170.474356038272,2581.1069923744776,-9.484782411184204,0.2366044273056025,0.9379844665527344,1812.3563239355185,
stage4_v5_indexkernel_r3_lognormal_timetie,4.0,v5_class0_heldout,0,401,,,,,,,,,,,,,,,,,,,,,,,,,,,,,24.862264156341553,,,,,,,0.0,258.0,2100.450372648478,1675.6006823092962,-9.518258304214626,0.2433319760734299,1.0,1500.7546011844547,
stage4_v5_indexkernel_r3_lognormal_timetie,4.0,v5_class0_heldout,1,401,,,,,,,,,,,,,,,,,,,,,,,,,,,,,22.385689973831177,,,,,,,0.0,258.0,3275.028484354929,2658.344088360889,-9.518807452196729,0.2234194600397344,0.9379844665527344,1870.5634853541544,
stage4_v5_indexkernel_r3_lognormal_timetie,4.0,v5_class0_heldout,2,401,,,,,,,,,,,,,,,,,,,,,,,,,,,,,20.75178599357605,,,,,,,0.0,258.0,3188.618507438442,2591.0925727467516,-9.549251454246852,0.2493961317437575,0.895348846912384,1846.8974671724245,
stage2a_v5_hamming_bare,2.0,v5_class1_heldout,0,510,,,,,,,,,,,,,,,,,,,,,,,,,,,,,17.261575937271118,,,,,,,1.0,149.0,2575.31721216573,2035.4889416668648,-9.652056208776212,0.3103183964831522,0.7986577153205872,1488.7719049859404,
stage2a_v5_hamming_bare,2.0,v5_class1_heldout,1,510,,,,,,,,,,,,,,,,,,,,,,,,,,,,,17.42246103286743,,,,,,,1.0,149.0,2575.31721216573,2035.4889416668648,-9.652056208776212,0.3103183964831522,0.7986577153205872,1488.7719049859404,
stage2a_v5_hamming_bare,2.0,v5_class1_heldout,2,510,,,,,,,,,,,,,,,,,,,,,,,,,,,,,17.25990915298462,,,,,,,1.0,149.0,2575.31721216573,2035.4889416668648,-9.652056208776212,0.3103183964831522,0.7986577153205872,1488.7719049859404,
stage4_v5_hamming_lognormal_timetie,4.0,v5_class1_heldout,0,510,,,,,,,,,,,,,,,,,,,,,,,,,,,,,39.22696018218994,,,,,,,1.0,149.0,2673.293544346146,2045.0023099006648,-9.633616595334702,0.3254630417969714,0.7986577153205872,1519.250301226768,
stage4_v5_hamming_lognormal_timetie,4.0,v5_class1_heldout,1,510,,,,,,,,,,,,,,,,,,,,,,,,,,,,,39.814380168914795,,,,,,,1.0,149.0,2673.293544346146,2045.0023099006648,-9.633616595334702,0.3254630417969714,0.7986577153205872,1519.250301226768,
stage4_v5_hamming_lognormal_timetie,4.0,v5_class1_heldout,2,510,,,,,,,,,,,,,,,,,,,,,,,,,,,,,39.42977595329285,,,,,,,1.0,149.0,2673.293544346146,2045.0023099006648,-9.633616595334702,0.3254630417969714,0.7986577153205872,1519.250301226768,
stage1_v5_indexkernel_r2_bare,1.0,v5_class1_heldout,0,510,,,,,,,,,,,,,,,,,,,,,,,,,,,,,93.71531105041504,,,,,,,1.0,149.0,2855.7473545903476,2302.0810121681975,-9.39246426200672,0.2919048721074985,0.9597315192222596,1620.969084511882,
stage1_v5_indexkernel_r2_bare,1.0,v5_class1_heldout,1,510,,,,,,,,,,,,,,,,,,,,,,,,,,,,,99.24948000907898,,,,,,,1.0,149.0,2611.0926564385813,2107.584876612834,-9.477891099454345,0.404464933381306,0.8120805621147156,1518.4476982918725,
stage1_v5_indexkernel_r2_bare,1.0,v5_class1_heldout,2,510,,,,,,,,,,,,,,,,,,,,,,,,,,,,,61.87275505065918,,,,,,,1.0,149.0,2605.8404845801756,2018.4822533696636,-9.311804293158229,0.3034119897177763,0.8926174640655518,1459.8832504582638,
stage3_5b_v5_indexkernel_r2_lognormal_timetie,3.5,v5_class1_heldout,0,510,,,,,,,,,,,,,,,,,,,,,,,,,,,,,47.510833978652954,,,,,,,1.0,149.0,2403.557956798477,1836.2114419512568,-9.274401365727297,0.2911077632673799,0.9865771532058716,1379.664463171129,
stage3_5b_v5_indexkernel_r2_lognormal_timetie,3.5,v5_class1_heldout,1,510,,,,,,,,,,,,,,,,,,,,,,,,,,,,,65.70381879806519,,,,,,,1.0,149.0,2696.0104238780464,2098.8926349538606,-9.545471686638605,0.3532867195155135,0.8053691387176514,1536.4210679491794,
stage3_5b_v5_indexkernel_r2_lognormal_timetie,3.5,v5_class1_heldout,2,510,,,,,,,,,,,,,,,,,,,,,,,,,,,,,106.65174293518066,,,,,,,1.0,149.0,2873.281919030441,2264.063485301246,-9.478130877852774,0.3672541539919309,0.8791946172714233,1635.4705307591123,
stage4_v5_indexkernel_r3_lognormal_timetie,4.0,v5_class1_heldout,0,510,,,,,,,,,,,,,,,,,,,,,,,,,,,,,103.9899001121521,,,,,,,1.0,149.0,2429.6063717701786,1913.3564567990584,-9.26692474928828,0.2963415189505853,0.9865771532058716,1390.0820598758444,
stage4_v5_indexkernel_r3_lognormal_timetie,4.0,v5_class1_heldout,1,510,,,,,,,,,,,,,,,,,,,,,,,,,,,,,76.77543616294861,,,,,,,1.0,149.0,2940.943764903236,2326.555197794455,-10.073124647130596,0.4142201070552051,0.744966447353363,1751.0676644791793,
stage4_v5_indexkernel_r3_lognormal_timetie,4.0,v5_class1_heldout,2,510,,,,,,,,,,,,,,,,,,,,,,,,,,,,,63.37615203857422,,,,,,,1.0,149.0,3100.60032704492,2461.554450819334,-9.506535252767645,0.349292529817117,0.9060402512550354,1764.7656398158506,
stage2a_v5_hamming_bare,2.0,v5_class2_heldout,0,407,,,,,,,,,,,,,,,,,,,,,,,,,,,,,51.99148797988891,,,,,,,2.0,252.0,2125.1774786486944,1803.6282795972988,-9.170836012975853,0.4526332753352313,0.8888888955116272,1263.0309236939092,
stage2a_v5_hamming_bare,2.0,v5_class2_heldout,1,407,,,,,,,,,,,,,,,,,,,,,,,,,,,,,52.18091702461243,,,,,,,2.0,252.0,2125.1774786486944,1803.6282795972988,-9.170836012975853,0.4526332753352313,0.8888888955116272,1263.0309236939092,
stage2a_v5_hamming_bare,2.0,v5_class2_heldout,2,407,,,,,,,,,,,,,,,,,,,,,,,,,,,,,50.77553677558899,,,,,,,2.0,252.0,2125.1774786486944,1803.6282795972988,-9.170836012975853,0.4526332753352313,0.8888888955116272,1263.0309236939092,
stage4_v5_hamming_lognormal_timetie,4.0,v5_class2_heldout,0,407,,,,,,,,,,,,,,,,,,,,,,,,,,,,,28.254271030426025,,,,,,,2.0,252.0,1814.9520948108195,1515.4518264843086,-8.927098787061784,0.4139061812582092,0.9682539701461792,1048.6252191656506,
stage4_v5_hamming_lognormal_timetie,4.0,v5_class2_heldout,1,407,,,,,,,,,,,,,,,,,,,,,,,,,,,,,27.401429891586304,,,,,,,2.0,252.0,1814.9520948108195,1515.4518264843086,-8.927098787061784,0.4139061812582092,0.9682539701461792,1048.6252191656506,
stage4_v5_hamming_lognormal_timetie,4.0,v5_class2_heldout,2,407,,,,,,,,,,,,,,,,,,,,,,,,,,,,,27.457131147384644,,,,,,,2.0,252.0,1814.9520948108195,1515.4518264843086,-8.927098787061784,0.4139061812582092,0.9682539701461792,1048.6252191656506,
stage1_v5_indexkernel_r2_bare,1.0,v5_class2_heldout,0,407,,,,,,,,,,,,,,,,,,,,,,,,,,,,,34.55750918388367,,,,,,,2.0,252.0,2083.318430060434,1764.8201595720232,-9.172514695702422,0.4938716305104643,1.0,1234.7100757379592,
stage1_v5_indexkernel_r2_bare,1.0,v5_class2_heldout,1,407,,,,,,,,,,,,,,,,,,,,,,,,,,,,,33.4578800201416,,,,,,,2.0,252.0,1988.7666647699252,1598.6693912939231,-9.10870855420561,0.4630578865709299,0.85317462682724,1151.2674989835066,
stage1_v5_indexkernel_r2_bare,1.0,v5_class2_heldout,2,407,,,,,,,,,,,,,,,,,,,,,,,,,,,,,24.002426147460938,,,,,,,2.0,252.0,2265.6465333381384,1794.308472224858,-9.193647132280775,0.2572332465687613,0.9801587462425232,1298.2805917201065,
stage3_5b_v5_indexkernel_r2_lognormal_timetie,3.5,v5_class2_heldout,0,407,,,,,,,,,,,,,,,,,,,,,,,,,,,,,37.00980305671692,,,,,,,2.0,252.0,877.3839396691991,711.4392794460595,-9.021546968096702,0.2891787641526115,1.0,838.0780485176402,
stage3_5b_v5_indexkernel_r2_lognormal_timetie,3.5,v5_class2_heldout,1,407,,,,,,,,,,,,,,,,,,,,,,,,,,,,,32.53451704978943,,,,,,,2.0,252.0,1200.265997657251,964.0636858382434,-8.697832350596789,0.2271477617100631,1.0,729.9925558699232,
stage3_5b_v5_indexkernel_r2_lognormal_timetie,3.5,v5_class2_heldout,2,407,,,,,,,,,,,,,,,,,,,,,,,,,,,,,32.266804218292236,,,,,,,2.0,252.0,1010.2141558938184,810.8193500628624,-8.872579574737005,0.2751813230432699,1.0,766.6464915218523,
stage4_v5_indexkernel_r3_lognormal_timetie,4.0,v5_class2_heldout,0,407,,,,,,,,,,,,,,,,,,,,,,,,,,,,,30.091723918914795,,,,,,,2.0,252.0,1012.86222748613,816.6091249389427,-8.900855653433338,0.2788476895155544,1.0,783.4877997064267,
stage4_v5_indexkernel_r3_lognormal_timetie,4.0,v5_class2_heldout,1,407,,,,,,,,,,,,,,,,,,,,,,,,,,,,,36.32967185974121,,,,,,,2.0,252.0,931.7141477479169,760.0894860819761,-8.953495548768972,0.3235798986861294,1.0,801.2918497768327,
stage4_v5_indexkernel_r3_lognormal_timetie,4.0,v5_class2_heldout,2,407,,,,,,,,,,,,,,,,,,,,,,,,,,,,,38.736839056015015,,,,,,,2.0,252.0,1039.7296403853454,829.515057269748,-8.864788983303805,0.2802420266037728,1.0,768.0597962754414,
stage4_v5_hamming_lognormal_only,4.0,v5,0,659,595.8427211494259,421.37070320395816,-7.799715635489935,0.0709361609882092,0.949924111366272,317.22318235746275,711.255927287873,530.2142618936239,-7.983526950617641,0.0422773407207374,0.9438543319702148,392.64133142717793,145.0,4.544827586206897,8.551651725812796,8.551651725812796,0.8322453714063202,1.000001767466164,1.0000011946997267,4.691679190612825,29.3801512897904,832.7446486801678,638.09414050774,-8.233686810871914,0.0371930392334249,0.914004921913147,475.8648170422012,407.0,65.36497187614441,,,,,,,,,,,,,,,
stage4_v5_hamming_lognormal_only,4.0,v5,1,659,595.8427211494259,421.37070320395816,-7.799715635489935,0.0709361609882092,0.949924111366272,317.22318235746275,711.255927287873,530.2142618936239,-7.983526950617641,0.0422773407207374,0.9438543319702148,392.64133142717793,145.0,4.544827586206897,8.551651725812796,8.551651725812796,0.8322453714063202,1.000001767466164,1.0000011946997267,4.691679190612825,29.3801512897904,832.7446486801678,638.09414050774,-8.233686810871914,0.0371930392334249,0.914004921913147,475.8648170422012,407.0,66.79410672187805,,,,,,,,,,,,,,,
stage4_v5_hamming_lognormal_only,4.0,v5,2,659,595.8427211494259,421.37070320395816,-7.799715635489935,0.0709361609882092,0.949924111366272,317.22318235746275,711.255927287873,530.2142618936239,-7.983526950617641,0.0422773407207374,0.9438543319702148,392.64133142717793,145.0,4.544827586206897,8.551651725812796,8.551651725812796,0.8322453714063202,1.000001767466164,1.0000011946997267,4.691679190612825,29.3801512897904,832.7446486801678,638.09414050774,-8.233686810871914,0.0371930392334249,0.914004921913147,475.8648170422012,407.0,66.79309701919556,,,,,,,,,,,,,,,
stage4_v5_hamming_timetie_only,4.0,v5,0,659,593.9873251343375,420.74151089195806,-7.795857605011282,0.071474779849214,0.9468892216682434,316.28186923899494,701.8817761475942,525.2461324606966,-7.97454700178592,0.0412238840172889,0.9453717470169068,389.5897354662032,145.0,4.544827586206897,32.62321292335816,32.62321292335816,0.8008758501178772,1.0000016708077344,1.000001800063586,31.45200641681092,30.987689337147803,818.7899466371074,629.0401858177675,-8.220346365600275,0.0399678505652902,0.916461944580078,470.50194551085747,407.0,44.44743609428406,,,,,,,,,,,,,,,
stage4_v5_hamming_timetie_only,4.0,v5,1,659,593.9873251343375,420.74151089195806,-7.795857605011282,0.071474779849214,0.9468892216682434,316.28186923899494,701.8817761475942,525.2461324606966,-7.97454700178592,0.0412238840172889,0.9453717470169068,389.5897354662032,145.0,4.544827586206897,32.62321292335816,32.62321292335816,0.8008758501178772,1.0000016708077344,1.000001800063586,31.45200641681092,30.987689337147803,818.7899466371074,629.0401858177675,-8.220346365600275,0.0399678505652902,0.916461944580078,470.50194551085747,407.0,43.787545919418335,,,,,,,,,,,,,,,
stage4_v5_hamming_timetie_only,4.0,v5,2,659,593.9873251343375,420.74151089195806,-7.795857605011282,0.071474779849214,0.9468892216682434,316.28186923899494,701.8817761475942,525.2461324606966,-7.97454700178592,0.0412238840172889,0.9453717470169068,389.5897354662032,145.0,4.544827586206897,32.62321292335816,32.62321292335816,0.8008758501178772,1.0000016708077344,1.000001800063586,31.45200641681092,30.987689337147803,818.7899466371074,629.0401858177675,-8.220346365600275,0.0399678505652902,0.916461944580078,470.50194551085747,407.0,44.408787965774536,,,,,,,,,,,,,,,
stage4_v5_hamming_lognormal_only,4.0,v5_set3_heldout,0,407,,,,,,,,,,,,,,,,,,,,,,,,,,,,,30.24280309677124,1683.9171929802008,1397.0028584110185,-8.856764125728176,0.3982434689085187,0.9841269850730896,969.7409242656914,,252.0,,,,,,,2.0
stage4_v5_hamming_lognormal_only,4.0,v5_set3_heldout,1,407,,,,,,,,,,,,,,,,,,,,,,,,,,,,,30.13977861404419,1683.9171929802008,1397.0028584110185,-8.856764125728176,0.3982434689085187,0.9841269850730896,969.7409242656914,,252.0,,,,,,,2.0
stage4_v5_hamming_lognormal_only,4.0,v5_set3_heldout,2,407,,,,,,,,,,,,,,,,,,,,,,,,,,,,,30.18167781829834,1683.9171929802008,1397.0028584110185,-8.856764125728176,0.3982434689085187,0.9841269850730896,969.7409242656914,,252.0,,,,,,,2.0
stage4_v5_hamming_timetie_only,4.0,v5_set3_heldout,0,407,,,,,,,,,,,,,,,,,,,,,,,,,,,,,54.14026093482971,1745.640326247329,1448.3873169505632,-8.894090578235165,0.4125604258301838,0.9603174328804016,1008.0028029293632,,252.0,,,,,,,2.0
stage4_v5_hamming_timetie_only,4.0,v5_set3_heldout,1,407,,,,,,,,,,,,,,,,,,,,,,,,,,,,,52.45569205284119,1745.640326247329,1448.3873169505632,-8.894090578235165,0.4125604258301838,0.9603174328804016,1008.0028029293632,,252.0,,,,,,,2.0
stage4_v5_hamming_timetie_only,4.0,v5_set3_heldout,2,407,,,,,,,,,,,,,,,,,,,,,,,,,,,,,49.07199835777283,1745.640326247329,1448.3873169505632,-8.894090578235165,0.4125604258301838,0.9603174328804016,1008.0028029293632,,252.0,,,,,,,2.0
stage4_v5_hamming_lognormal_only,4.0,v5_class0_heldout,0,401,,,,,,,,,,,,,,,,,,,,,,,,,,,,,41.40820097923279,,,,,,,0.0,258.0,2806.4837766294168,2328.7760590827056,-9.532169367635817,0.1590408337777098,1.0,1708.342503651823,
stage4_v5_hamming_lognormal_only,4.0,v5_class0_heldout,1,401,,,,,,,,,,,,,,,,,,,,,,,,,,,,,37.27409601211548,,,,,,,0.0,258.0,2806.4837766294168,2328.7760590827056,-9.532169367635817,0.1590408337777098,1.0,1708.342503651823,
stage4_v5_hamming_lognormal_only,4.0,v5_class0_heldout,2,401,,,,,,,,,,,,,,,,,,,,,,,,,,,,,37.829907178878784,,,,,,,0.0,258.0,2806.4837766294168,2328.7760590827056,-9.532169367635817,0.1590408337777098,1.0,1708.342503651823,
stage4_v5_hamming_timetie_only,4.0,v5_class0_heldout,0,401,,,,,,,,,,,,,,,,,,,,,,,,,,,,,27.31175684928894,,,,,,,0.0,258.0,3191.813505132573,2610.800128939444,-9.63833653687134,0.268712096474331,1.0,1919.251560263024,
stage4_v5_hamming_timetie_only,4.0,v5_class0_heldout,1,401,,,,,,,,,,,,,,,,,,,,,,,,,,,,,27.329813957214355,,,,,,,0.0,258.0,3191.813505132573,2610.800128939444,-9.63833653687134,0.268712096474331,1.0,1919.251560263024,
stage4_v5_hamming_timetie_only,4.0,v5_class0_heldout,2,401,,,,,,,,,,,,,,,,,,,,,,,,,,,,,26.83548903465271,,,,,,,0.0,258.0,3191.813505132573,2610.800128939444,-9.63833653687134,0.268712096474331,1.0,1919.251560263024,
stage4_v5_hamming_lognormal_only,4.0,v5_class1_heldout,0,510,,,,,,,,,,,,,,,,,,,,,,,,,,,,,35.01793694496155,,,,,,,1.0,149.0,2699.0596917223925,2056.5155162901224,-9.671891137833974,0.325532172672505,0.791946291923523,1534.7619036128613,
stage4_v5_hamming_lognormal_only,4.0,v5_class1_heldout,1,510,,,,,,,,,,,,,,,,,,,,,,,,,,,,,34.651684284210205,,,,,,,1.0,149.0,2699.0596917223925,2056.5155162901224,-9.671891137833974,0.325532172672505,0.791946291923523,1534.7619036128613,
stage4_v5_hamming_lognormal_only,4.0,v5_class1_heldout,2,510,,,,,,,,,,,,,,,,,,,,,,,,,,,,,36.07206082344055,,,,,,,1.0,149.0,2699.0596917223925,2056.5155162901224,-9.671891137833974,0.325532172672505,0.791946291923523,1534.7619036128613,
stage4_v5_hamming_timetie_only,4.0,v5_class1_heldout,0,510,,,,,,,,,,,,,,,,,,,,,,,,,,,,,76.25631499290466,,,,,,,1.0,149.0,2974.194894245057,2360.7314133597047,-10.62548157394724,0.4920872027524117,0.6912751793861389,1827.283211728799,
stage4_v5_hamming_timetie_only,4.0,v5_class1_heldout,1,510,,,,,,,,,,,,,,,,,,,,,,,,,,,,,75.23123669624329,,,,,,,1.0,149.0,2974.194894245057,2360.7314133597047,-10.62548157394724,0.4920872027524117,0.6912751793861389,1827.283211728799,
stage4_v5_hamming_timetie_only,4.0,v5_class1_heldout,2,510,,,,,,,,,,,,,,,,,,,,,,,,,,,,,74.80835580825806,,,,,,,1.0,149.0,2974.194894245057,2360.7314133597047,-10.62548157394724,0.4920872027524117,0.6912751793861389,1827.283211728799,
production_pre_v5_legacy_continuous_ard_bare,-1.0,pre_v5,0,647,532.6619383878409,382.0845721602392,-7.675672290736787,0.0706298240701751,0.9505409598350524,285.19098807743796,679.9600173488788,517.3258057554767,-7.994950511673889,0.036577411507128,0.9304482340812684,384.76355541302655,144.0,4.493055555555555,15.417636460316324,18.285649405257413,0.5310802247680041,1.0000002602416018,1.0000006413004745,,62.82709426347596,793.5016043166682,622.2548328883842,-8.292977348296843,0.0414240507888292,0.903797447681427,470.00559604860626,395.0,96.0178439617157,,,,,,,,,,,,,,,
production_pre_v5_legacy_continuous_ard_bare,-1.0,pre_v5,1,647,532.6619383878409,382.0845721602392,-7.675672290736787,0.0706298240701751,0.9505409598350524,285.19098807743796,679.9600173488788,517.3258057554767,-7.994950511673889,0.036577411507128,0.9304482340812684,384.76355541302655,144.0,4.493055555555555,15.417636460316324,18.285649405257413,0.5310802247680041,1.0000002602416018,1.0000006413004745,,62.82709426347596,793.5016043166682,622.2548328883842,-8.292977348296843,0.0414240507888292,0.903797447681427,470.00559604860626,395.0,97.03250789642334,,,,,,,,,,,,,,,
production_pre_v5_legacy_continuous_ard_bare,-1.0,pre_v5,2,647,532.6619383878409,382.0845721602392,-7.675672290736787,0.0706298240701751,0.9505409598350524,285.19098807743796,679.9600173488788,517.3258057554767,-7.994950511673889,0.036577411507128,0.9304482340812684,384.76355541302655,144.0,4.493055555555555,15.417636460316324,18.285649405257413,0.5310802247680041,1.0000002602416018,1.0000006413004745,,62.82709426347596,793.5016043166682,622.2548328883842,-8.292977348296843,0.0414240507888292,0.903797447681427,470.00559604860626,395.0,98.893132686615,,,,,,,,,,,,,,,
production_v5_legacy_continuous_ard_bare,-1.0,v5,0,659,592.7619453525106,420.9713179961805,-7.793277821879555,0.0748633299920014,0.9453717470169068,315.41578164161433,697.9535904598207,521.9012302398386,-7.96643576361432,0.0454052030913219,0.9423368573188782,386.9816579566436,145.0,4.544827586206897,19.823390326815733,19.823390326815733,0.7379867422078034,1.0000016897151829,1.000000656602316,,33.280606633120584,816.1162586506499,628.9187594531479,-8.218957119240551,0.0366155445949063,0.9115478992462158,469.7500191260415,407.0,73.16965293884277,,,,,,,,,,,,,,,
production_v5_legacy_continuous_ard_bare,-1.0,v5,1,659,592.7619453525106,420.9713179961805,-7.793277821879555,0.0748633299920014,0.9453717470169068,315.41578164161433,697.9535904598207,521.9012302398386,-7.96643576361432,0.0454052030913219,0.9423368573188782,386.9816579566436,145.0,4.544827586206897,19.823390326815733,19.823390326815733,0.7379867422078034,1.0000016897151829,1.000000656602316,,33.280606633120584,816.1162586506499,628.9187594531479,-8.218957119240551,0.0366155445949063,0.9115478992462158,469.7500191260415,407.0,73.72116470336914,,,,,,,,,,,,,,,
production_v5_legacy_continuous_ard_bare,-1.0,v5,2,659,592.7619453525106,420.9713179961805,-7.793277821879555,0.0748633299920014,0.9453717470169068,315.41578164161433,697.9535904598207,521.9012302398386,-7.96643576361432,0.0454052030913219,0.9423368573188782,386.9816579566436,145.0,4.544827586206897,19.823390326815733,19.823390326815733,0.7379867422078034,1.0000016897151829,1.000000656602316,,33.280606633120584,816.1162586506499,628.9187594531479,-8.218957119240551,0.0366155445949063,0.9115478992462158,469.7500191260415,407.0,71.19232392311096,,,,,,,,,,,,,,,
production_v5_legacy_continuous_ard_bare,-1.0,v5_set3_heldout,0,407,,,,,,,,,,,,,,,,,,,,,,,,,,,,,55.791460275650024,2147.6350735987285,1828.6309156695845,-9.54834993912684,0.5053875719004262,0.7182539701461792,1344.081544005973,,252.0,,,,,,,2.0
production_v5_legacy_continuous_ard_bare,-1.0,v5_set3_heldout,1,407,,,,,,,,,,,,,,,,,,,,,,,,,,,,,53.584388971328735,2147.6350735987285,1828.6309156695845,-9.54834993912684,0.5053875719004262,0.7182539701461792,1344.081544005973,,252.0,,,,,,,2.0
production_v5_legacy_continuous_ard_bare,-1.0,v5_set3_heldout,2,407,,,,,,,,,,,,,,,,,,,,,,,,,,,,,52.24906587600708,2147.6350735987285,1828.6309156695845,-9.54834993912684,0.5053875719004262,0.7182539701461792,1344.081544005973,,252.0,,,,,,,2.0
production_v5_legacy_continuous_ard_bare,-1.0,v5_class0_heldout,0,401,,,,,,,,,,,,,,,,,,,,,,,,,,,,,30.025089025497437,,,,,,,0.0,258.0,2850.2550772113686,2352.629225431945,-9.659803312504518,0.2137170259357692,1.0,1839.2751748372175,
production_v5_legacy_continuous_ard_bare,-1.0,v5_class0_heldout,1,401,,,,,,,,,,,,,,,,,,,,,,,,,,,,,27.855183124542236,,,,,,,0.0,258.0,2850.2550772113686,2352.629225431945,-9.659803312504518,0.2137170259357692,1.0,1839.2751748372175,
production_v5_legacy_continuous_ard_bare,-1.0,v5_class0_heldout,2,401,,,,,,,,,,,,,,,,,,,,,,,,,,,,,25.531837940216064,,,,,,,0.0,258.0,2850.2550772113686,2352.629225431945,-9.659803312504518,0.2137170259357692,1.0,1839.2751748372175,
production_v5_legacy_continuous_ard_bare,-1.0,v5_class1_heldout,0,510,,,,,,,,,,,,,,,,,,,,,,,,,,,,,23.827347993850708,,,,,,,1.0,149.0,2579.7192334386914,2006.260439408079,-9.719371185889162,0.328580538457355,0.7651006579399109,1488.6918852712636,
production_v5_legacy_continuous_ard_bare,-1.0,v5_class1_heldout,1,510,,,,,,,,,,,,,,,,,,,,,,,,,,,,,23.002755165100098,,,,,,,1.0,149.0,2579.7192334386914,2006.260439408079,-9.719371185889162,0.328580538457355,0.7651006579399109,1488.6918852712636,
production_v5_legacy_continuous_ard_bare,-1.0,v5_class1_heldout,2,510,,,,,,,,,,,,,,,,,,,,,,,,,,,,,23.11940217018127,,,,,,,1.0,149.0,2579.7192334386914,2006.260439408079,-9.719371185889162,0.328580538457355,0.7651006579399109,1488.6918852712636,
